<?xml version="1.0" encoding="UTF-8"?>
<window>
	<defaultcontrol always="true">50</defaultcontrol>
	<allowoverlay>yes</allowoverlay>
	<views>50,574</views>
	<controls>
		<!--global includes-->
		<include>global_Background</include>
		<include>global_Includes</include>
		<include>global_MenuGuide</include>
		<include>windowTitle_Addons</include>
		<include>PageControls</include>
		<!--view includes-->
		<include>Viewtype50_List</include>
		<include>Viewtype574_IconSquareSmall</include>
		<!--content includes-->
		<include>detail_ListAddons</include>
		<!--menu includes-->
		<include>menu_Addons</include>
	</controls>
</window>