<?xml version="1.0" encoding="UTF-8"?>
<window type="dialog" id="64">
	<defaultcontrol always="true">100</defaultcontrol>
	<include>transition_Dialog</include>
	<coordinates>
		<system>1</system>
		<left>510</left>
		<top>244</top>
	</coordinates>
	<controls>
		<control type="image" id="997">
			<width>300</width>
			<height>120</height>
			<include>dialog_Menu</include>
		</control>
		<control type="group">
			<left>4</left>
			<top>20</top>
			<control type="image">
				<width>292</width>
				<include>dialog_Separator</include>
			</control>
			<control type="grouplist" id="100">
				<width>292</width>
				<height>80</height>
				<onup>100</onup>
				<ondown>100</ondown>
				<itemgap>0</itemgap>
				<include>global_ListScroll</include>
				<control type="button" id="101">
					<width>352</width>
					<label>$LOCALIZE[157]</label>
					<onclick>Close</onclick>
					<onclick>ActivateWindow(VideoLibrary,return)</onclick>
					<onclick>SendClick(8)</onclick>
					<include>dialog_ControlCommons</include>
				</control>
				<control type="button" id="102">
					<width>352</width>
					<label>$LOCALIZE[2]</label>
					<onclick>Close</onclick>
					<onclick>ActivateWindow(MusicLibrary)</onclick>
					<onclick>SendClick(8)</onclick>
					<include>dialog_ControlCommons</include>
				</control>
			</control>
		</control>
	</controls>
</window>