<?xml version="1.0" encoding="UTF-8"?>
<window type="dialog" id="65">
	<defaultcontrol always="true">100</defaultcontrol>
	<include>transition_Dialog</include>
	<coordinates>
		<system>1</system>
		<left>340</left>
		<top>130</top>
	</coordinates>
	<controls>
		<control type="group">
			<visible>!Window.IsVisible(200)</visible>
			<control type="image">
				<width>600</width>
				<height>460</height>
				<include>dialog_Window</include>
			</control>
			<control type="label" id="1">
				<width>592</width>
				<label>$LOCALIZE[31217]</label>
				<include>dialog_Windowtitle</include>
			</control>
			<control type="group">
				<left>4</left>
				<top>55</top>
				<control type="grouplist" id="100">
					<width>592</width>
					<height>320</height>
					<itemgap>0</itemgap>
					<onleft>10</onleft>
					<onright>11</onright>
					<onup>200</onup>
					<ondown>200</ondown>
					<include>global_ListScroll</include>
					<!--set fanart type-->
					<control type="group" id="110">
						<width>592</width>
						<height>40</height>
						<control type="image">
							<top>40</top>
							<width>592</width>
							<include>dialog_SectionSeparator</include>
						</control>
						<control type="label" id="111">
							<width>592</width>
							<label>$LOCALIZE[31218]</label>
							<include>dialog_Header</include>
							<include>dialog_ControlCommons</include>
						</control>
					</control>
					<control type="radiobutton" id="112">
						<width>592</width>
						<label>$LOCALIZE[342] &amp; $LOCALIZE[20343]</label>
						<onclick>Skin.SetString(fanarttype.video,true)</onclick>
						<selected>Skin.String(fanarttype.video,true)</selected>
						<onclick>Skin.Reset(fanarttype.music)</onclick>
						<onclick>Skin.Reset(fanarttype.mixed)</onclick>
						<include>dialog_Radio</include>
						<include>dialog_ControlCommons</include>
					</control>
					<control type="radiobutton" id="113">
						<width>592</width>
						<label>$LOCALIZE[2]</label>
						<onclick>Skin.SetString(fanarttype.music,true)</onclick>
						<selected>Skin.String(fanarttype.music,true)</selected>
						<onclick>Skin.Reset(fanarttype.video)</onclick>
						<onclick>Skin.Reset(fanarttype.mixed)</onclick>
						<include>dialog_Radio</include>
						<include>dialog_ControlCommons</include>
					</control>
					<control type="radiobutton" id="114">
						<width>592</width>
						<label>$LOCALIZE[20395]</label>
						<onclick>Skin.SetString(fanarttype.mixed,true)</onclick>
						<selected>Skin.String(fanarttype.mixed,true)</selected>
						<onclick>Skin.Reset(fanarttype.video)</onclick>
						<onclick>Skin.Reset(fanarttype.music)</onclick>
						<include>dialog_Radio</include>
						<include>dialog_ControlCommons</include>
					</control>
					<!--fanart information-->
					<control type="group" id="120">
						<width>592</width>
						<height>40</height>
						<control type="image">
							<top>40</top>
							<width>592</width>
							<include>dialog_SectionSeparator</include>
						</control>
						<control type="label" id="121">
							<width>592</width>
							<label>$LOCALIZE[31219]</label>
							<include>dialog_Header</include>
							<include>dialog_ControlCommons</include>
						</control>
					</control>
					<control type="radiobutton" id="122">
						<width>592</width>
						<label>$LOCALIZE[31220]</label>
						<onclick>Skin.SetString(fanartinfo.text,true)</onclick>
						<selected>Skin.String(fanartinfo.text,true)</selected>
						<onclick>Skin.Reset(fanartinfo.none)</onclick>
						<include>dialog_Radio</include>
						<include>dialog_ControlCommons</include>
					</control>
					<control type="radiobutton" id="124">
						<width>592</width>
						<label>$LOCALIZE[31222]</label>
						<onclick>Skin.SetString(fanartinfo.none,true)</onclick>
						<selected>Skin.String(fanartinfo.none,true)</selected>
						<onclick>Skin.Reset(fanartinfo.text)</onclick>
						<include>dialog_Radio</include>
						<include>dialog_ControlCommons</include>
					</control>
				</control>
				<control type="group" id="200">
					<left>322</left>
					<top>340</top>
					<!--cancel-->
					<control type="button" id="10">
						<width>120</width>
						<label>$LOCALIZE[222]</label>
						<onup>124</onup>
						<ondown>112</ondown>
						<onleft>11</onleft>
						<onright>11</onright>
						<include>dialog_WindowButton</include>
						<onclick>Close</onclick>
					</control>
					<!--ask logout permission-->
					<control type="button" id="11">
						<left>130</left>
						<label>$LOCALIZE[31405]</label>
						<onup>124</onup>
						<ondown>112</ondown>
						<onleft>10</onleft>
						<onright>10</onright>
						<onclick>SetProperty(ConfirmDialog,ReloadSkin,200)</onclick>
						<onclick>ActivateWindow(200)</onclick>
						<include>dialog_WindowButton</include>
					</control>
				</control>
			</control>
		</control>
	</controls>
</window>