<?xml version="1.0" encoding="UTF-8"?>
<includes>
	<default type="scrollbar">
		<width>10</width>
		<showonepage>false</showonepage>
		<texturesliderbackground>dialogs/pagecontrol/background.png</texturesliderbackground>
		<texturesliderbar>dialogs/pagecontrol/grip-nf.png</texturesliderbar>
		<texturesliderbarfocus>dialogs/pagecontrol/grip-fo.png</texturesliderbarfocus>
		<textureslidernib>-</textureslidernib>
		<textureslidernibfocus>-</textureslidernibfocus>
		<include>fadeinout</include>
		<include>toggle_Menu</include>
		<colordiffuse>Color1</colordiffuse>
	</default>
	<default type="label">
		<font>regular_20</font>
		<height>27</height>
		<aligny>center</aligny>
		<textcolor>Color1</textcolor>
		<focusedcolor>Focused</focusedcolor>
		<disabledcolor>Disabled</disabledcolor>
		<scroll>false</scroll>
		<scrollspeed>autoscroll_Speed</scrollspeed>
		<scrollsuffix> | </scrollsuffix>
	</default>
	<default type="button">
		<width>110</width>
		<height>40</height>
		<texturefocus border="2">dialogs/select-fo.png</texturefocus>
		<texturenofocus border="2">dialogs/select-nf.png</texturenofocus>
		<font>regular_20</font>
		<textcolor>Color1</textcolor>
		<focusedcolor>Focused</focusedcolor>
		<disabledcolor>Disabled</disabledcolor>
		<selectedcolor>Selected</selectedcolor>
		<pulseonselect>false</pulseonselect>
	</default>
	<default type="radiobutton">
		<font>regular_20</font>
		<textureradioonnofocus>dialogs/radio/off.png</textureradioonnofocus>
		<textureradiooffnofocus>dialogs/radio/off.png</textureradiooffnofocus>
		<textureradioonfocus>dialogs/radio/on.png</textureradioonfocus>
		<textureradioofffocus>dialogs/radio/on.png</textureradioofffocus>
		<pulseonselect>false</pulseonselect>
		<radioposx></radioposx>
		<radioposy></radioposy>
	</default>
	<default type="togglebutton">
		<font>regular_20</font>
		<textcolor>Color1</textcolor>
		<focusedcolor>Focused</focusedcolor>
		<disabledcolor>Disabled</disabledcolor>
		<selectedcolor>Selected</selectedcolor>
		<texturenofocus>-</texturenofocus>
		<texturefocus>-</texturefocus>
		<alttexturenofocus>-</alttexturenofocus>
		<alttexturefocus>-</alttexturefocus>
		<pulseonselect>false</pulseonselect>
	</default>
	<default type="fadelabel">
		<font>regular_20</font>
		<height>27</height>
		<aligny>center</aligny>
		<textcolor>Color1</textcolor>
		<focusedcolor>Focused</focusedcolor>
		<disabledcolor>Disabled</disabledcolor>
		<scroll>false</scroll>
		<scrollout>true</scrollout>
		<pauseatend>200</pauseatend>
		<resetonlabelchange>true</resetonlabelchange>
	</default>
	<default type="edit">
		<label>-</label>
		<hinttext>-</hinttext>
		<textcolor>Color1</textcolor>
		<disabledcolor>Disabled</disabledcolor>
		<invalidcolor>Warning</invalidcolor>
		<pulseonselect>false</pulseonselect>
		<texturefocus>-</texturefocus>
		<texturenofocus>-</texturenofocus>
	</default>
	<default type="textbox">
		<align>left</align>
		<font>regular_20</font>
		<height>auto</height>
		<aligny>top</aligny>
		<textcolor>Color3</textcolor>
		<spinwidth>-</spinwidth>
		<spinheight>-</spinheight>
		<texturedown>-</texturedown>
		<textureup>-</textureup>
		<texturedownfocus>-</texturedownfocus>
		<textureupfocus>-</textureupfocus>
		<spinposx>-</spinposx>
		<spinposy>-</spinposy>
	</default>
	<default type="progress">
		<texturebg border="16,0,16,0" colordiffuse="Color3">dialogs/progress/back.png</texturebg>
		<lefttexture border="16,0,0,0" colordiffuse="Color3">dialogs/progress/left.png</lefttexture>
		<midtexture border="0,0,0,0" colordiffuse="Color3">dialogs/progress/mid.png</midtexture>
		<righttexture border="0,0,16,0" colordiffuse="Color3">dialogs/progress/right.png</righttexture>
		<overlaytexture>-</overlaytexture>
	</default>
	<default type="sliderex">
		<height>40</height>
		<texturefocus border="3">dialogs/select-fo.png</texturefocus>
		<texturenofocus border="3">dialogs/select-nf.png</texturenofocus>
		<sliderwidth>100</sliderwidth>
		<sliderheight>20</sliderheight>
		<texturesliderbar>dialogs/slider/bar.png</texturesliderbar>
		<textureslidernib>-</textureslidernib>
		<textureslidernibfocus>-</textureslidernibfocus>
		<pulseonselect>false</pulseonselect>
	</default>
	<default type="spincontrol">
		<height>40</height>
		<font>regular_20</font>
		<textcolor>Color4</textcolor>
		<focusedcolor>Color1</focusedcolor>
		<textoffsetx>15</textoffsetx>
		<textoffsety>-2</textoffsety>
		<reverse>yes</reverse>
		<aligny>center</aligny>
		<texturefocus border="3">dialogs/select-fo.png</texturefocus>
		<texturenofocus border="3">dialogs/select-nf.png</texturenofocus>
		<textureup>dialogs/spin/spin-up.png</textureup>
		<texturedown>dialogs/spin/spin-down.png</texturedown>
		<textureupfocus>dialogs/spin/spin-up.png</textureupfocus>
		<texturedownfocus>dialogs/spin/spin-down.png</texturedownfocus>
		<spinwidth>26</spinwidth>
		<spinheight>26</spinheight>
	</default>
	<default type="spincontrolex">
		<font>regular_20</font>
		<height>40</height>
		<texturefocus border="2">dialogs/select-fo.png</texturefocus>
		<texturenofocus border="2">dialogs/select-nf.png</texturenofocus>
		<textureup colordiffuse="Color3">dialogs/spin/spin-up.png</textureup>
		<textureupfocus colordiffuse="Color5">dialogs/spin/spin-up.png</textureupfocus>
		<texturedown colordiffuse="Color3">dialogs/spin/spin-down.png</texturedown>
		<texturedownfocus colordiffuse="Color5">dialogs/spin/spin-down.png</texturedownfocus>
		<textcolor>Color1</textcolor>
		<focusedcolor>Focused</focusedcolor>
		<disabledcolor>Disabled</disabledcolor>
		<reverse>yes</reverse>
		<textoffsety>0</textoffsety>
		<textoffsetx>15</textoffsetx>
		<pulseonselect>false</pulseonselect>
		<spinwidth>26</spinwidth>
		<spinheight>26</spinheight>
	</default>
</includes>