<?xml version="1.0" encoding="UTF-8"?>
<window>
	<defaultcontrol always="true">8000</defaultcontrol>
	<allowoverlay>no</allowoverlay>
	<controls>
		<!--BACKGROUND-->
		<control type="image">
			<include>screen_Dimensions</include>
			<include>fadeinout</include>
			<texture colordiffuse="base1_cc">white.png</texture>
		</control>
		<control type="group">
			<include>transition_Content</include>
			<!--images-->
			<control type="group">
				<left>20</left>
				<top>100</top>
				<width>400</width>
				<height>600</height>
				<control type="group">
					<visible>!Control.HasFocus(50)</visible>
					<control type="image">
						<width>400</width>
						<height>600</height>
						<texture fallback="thumbs/default_Portrait.png" background="true">$VAR[thumb_Portrait]</texture>
						<aspectratio>scale</aspectratio>
						<fadetime>fadetime_Thumb</fadetime>
						<visible>[Container.Content(movies) | Container.Content(tvshows) | Container.Content(seasons) | Container.Content(episodes)]</visible>
					</control>
				</control>
				<control type="group">
					<visible>Control.HasFocus(50)</visible>
					<control type="image">
						<width>400</width>
						<height>600</height>
						<texture fallback="thumbs/default_Actor.png" background="true">$INFO[Container(50).Listitem.Art(thumb)]</texture>
						<aspectratio>scale</aspectratio>
						<fadetime>fadetime_Thumb</fadetime>
						<visible>!Container.Content(musicvideos)</visible>
					</control>
				</control>
			</control>
			<!--title/tagline-->
			<control type="grouplist">
				<left>20</left>
				<top>20</top>
				<height>90</height>
				<itemgap>0</itemgap>
				<control type="label">
					<width>900</width>
					<label>$INFO[ListItem.Title] - $INFO[Listitem.Year]</label>
					<font>regular_40</font>
					<textcolor>Color8</textcolor>
				</control>
				<control type="label">
					<label>$VAR[videoinformation_Header]</label>
					<width>900</width>
					<height>50</height>
					<include>detail_Sub</include>
					<include>autoscroll_Line</include>
				</control>
			</control>
			<!--imdb top250-->
			<control type="grouplist">
				<left>1080</left>
				<top>0</top>
				<orientation>horizontal</orientation>
				<itemgap>0</itemgap>
				<control type="image">
					<width>96</width>
					<height>96</height>
					<aspectratio aligny="center">keep</aspectratio>
					<texture>flags/rating/imdbtop250.png</texture>
					<colordiffuse>Color8</colordiffuse>
					<visible>!IsEmpty(Listitem.top250)</visible>
				</control>
				<control type="label">
					<width>96</width>
					<height>96</height>
					<label>#$INFO[ListItem.top250]</label>
					<font>regular_40</font>
					<visible>!IsEmpty(Listitem.top250)</visible>
				</control>
			</control>
			<!--info container-->
			<control type="grouplist">
				<left>440</left>
				<top>100</top>
				<control type="grouplist" id="1000">
					<orientation>vertical</orientation>
					<height>320</height>
					<itemgap>0</itemgap>
					<!--director-->
					<control type="group">
						<width>800</width>
						<height>24</height>
						<visible>!IsEmpty(ListItem.Director)</visible>
						<control type="label">
							<width>800</width>
							<label>$LOCALIZE[20339] [COLOR=Color1]$INFO[ListItem.Director][/COLOR]</label>
							<include>detail_Sub</include>
							<include>autoscroll_Line</include>
						</control>
					</control>
					<!--genre-->
					<control type="group">
						<width>800</width>
						<height>24</height>
						<visible>!IsEmpty(ListItem.Genre)</visible>
						<control type="label">
							<width>800</width>
							<label>$LOCALIZE[515] [COLOR=Color1]$INFO[ListItem.Genre][/COLOR]</label>
							<include>detail_Sub</include>
							<include>autoscroll_Line</include>
							<font>semibold_20-U</font>
						</control>
					</control>
					<!--episode count-->
					<control type="group">
						<width>800</width>
						<height>24</height>
						<visible>Container.Content(tvshows)</visible>
						<control type="label">
							<width>800</width>
							<label>$LOCALIZE[20360] [COLOR=Color1]$INFO[ListItem.Episode] ($INFO[ListItem.Property(UnWatchedEpisodes)] $LOCALIZE[16101])[/COLOR]</label>
							<include>detail_Sub</include>
							<include>autoscroll_Line</include>
						</control>
					</control>
					<!--first aired date-->
					<control type="group">
						<width>800</width>
						<height>24</height>
						<visible>Container.Content(tvshows) + !IsEmpty(Window(Home).Property(Premiered))</visible>
						<control type="label">
							<width>800</width>
							<label>$LOCALIZE[20416] [COLOR=Color1]$INFO[Window(Home).Property(Premiered)][/COLOR]</label>
							<include>detail_Sub</include>
							<include>autoscroll_Line</include>
						</control>
					</control>
					<!--episode air date-->
					<control type="group">
						<width>800</width>
						<height>24</height>
						<visible>!IsEmpty(ListItem.Date) + Container.Content(episodes)</visible>
						<control type="label">
							<width>800</width>
							<label>$LOCALIZE[20416] [COLOR=Color1]$INFO[ListItem.Date][/COLOR]</label>
							<include>detail_Sub</include>
							<include>autoscroll_Line</include>
						</control>
					</control>
					<!--writer-->
					<control type="group">
						<width>820</width>
						<height>48</height>
						<visible>!IsEmpty(ListItem.Writer)</visible>
						<control type="label">
							<width>820</width>
							<height min="24" max="48">auto</height>
							<label>$LOCALIZE[20417] [COLOR=Color1]$INFO[ListItem.Writer][/COLOR]</label>
							<wrapmultiline>true</wrapmultiline>
							<include>detail_Sub</include>
							<!--	<include>autoscroll_Line</include>-->
						</control>
					</control>
					<!--studio-->
					<control type="group">
						<width>800</width>
						<height>24</height>
						<visible>Container.Content(movies) + !IsEmpty(ListItem.Studio)</visible>
						<control type="label">
							<width>800</width>
							<label>$LOCALIZE[572] [COLOR=Color1]$INFO[ListItem.Studio][/COLOR]</label>
							<include>detail_Sub</include>
							<include>autoscroll_Line</include>
						</control>
					</control>
					<!--channel-->
					<control type="group">
						<width>800</width>
						<height>24</height>
						<visible>!Container.Content(movies) + !IsEmpty(ListItem.Studio)</visible>
						<control type="label">
							<width>800</width>
							<label>$LOCALIZE[19029] [COLOR=Color1]$INFO[ListItem.Studio][/COLOR]</label>
							<include>detail_Sub</include>
							<include>autoscroll_Line</include>
						</control>
					</control>
					<!--rating-->
					<control type="group">
						<width>800</width>
						<height>24</height>
						<visible>!IsEmpty(ListItem.RatingAndVotes)</visible>
						<control type="label">
							<width>800</width>
							<label>$LOCALIZE[563] $LOCALIZE[368] [COLOR=Color1]$INFO[ListItem.RatingAndVotes][/COLOR]</label>
							<include>detail_Sub</include>
							<include>autoscroll_Line</include>
						</control>
					</control>
					<!--mpaa-->
					<control type="group">
						<width>800</width>
						<height>24</height>
						<visible>!IsEmpty(ListItem.MPAA)</visible>
						<control type="label">
							<width>800</width>
							<label>$LOCALIZE[31500] [COLOR=Color1]$INFO[ListItem.MPAA][/COLOR]</label>
							<include>detail_Sub</include>
							<include>autoscroll_Line</include>
						</control>
					</control>
					<!--duration-->
					<control type="group">
						<width>800</width>
						<height>24</height>
						<visible>!IsEmpty(ListItem.Duration)</visible>
						<control type="label">
							<width>800</width>
							<label>$LOCALIZE[180] [COLOR=Color1]$INFO[ListItem.Duration] $LOCALIZE[12391][/COLOR]</label>
							<include>detail_Sub</include>
							<include>autoscroll_Line</include>
						</control>
					</control>
				</control>
				<!--spacer-->
				<control type="label">
					<label>-</label>
					<height>10</height>
				</control>
				<!--button area-->
				<control type="grouplist" id="8000">
					<height>45</height>
					<width>800</width>
					<itemgap>5</itemgap>
					<orientation>horizontal</orientation>
					<!--play-->
					<control type="group">
						<width>125</width>
						<visible>!Container.Content(tvshows)</visible>
						<control type="button" id="8001">
							<label>$LOCALIZE[208]</label>
							<onclick>SendClick(2003,8)</onclick>
							<onleft>8007</onleft>
							<onright>8004</onright>
							<include>column_Button</include>
						</control>
					</control>
					<!--browse-->
					<control type="group">
						<width>125</width>
						<visible>Container.Content(tvshows)</visible>
						<control type="button" id="8003">
							<label>$LOCALIZE[1024]</label>
							<onclick>SendClick(2003,8)</onclick>
							<onleft>8007</onleft>
							<onright>8004</onright>
							<include>column_Button</include>
						</control>
					</control>
					<!--cast/artists-->
					<control type="group">
						<width>125</width>
						<control type="button" id="8004">
							<label>$VAR[videoinformation_Cast]</label>
							<onclick>SendClick(2003,5)</onclick>
							<ondown>50</ondown>
							<onleft>8001</onleft>
							<onleft condition="Container.Content(tvshows)">8003</onleft>
							<onright>8005</onright>
							<include>column_Button</include>
						</control>
					</control>
					<!--trailer-->
					<control type="group">
						<width>125</width>
						<visible>!IsEmpty(ListItem.Trailer)</visible>
						<control type="button" id="8005">
							<label>$LOCALIZE[20410]</label>
							<onclick>SendClick(2003,11)</onclick>
							<onleft>8004</onleft>
							<onright>8007</onright>
							<include>column_Button</include>
						</control>
					</control>
					<!--manage-->
					<control type="group">
						<width>125</width>
						<visible>!SubString(Container.FolderPath,plugin://) + !Skin.HasSetting(global.kiosk)</visible>
						<control type="button" id="8007">
							<label>$LOCALIZE[16106]</label>
							<onclick>ActivateWindow(62)</onclick>
							<include>column_Button</include>
							<onleft>8005</onleft>
							<onright>8001</onright>
							<onright condition="Container.Content(tvshows)">8003</onright>
						</control>
					</control>
				</control>
				<!--spacer-->
				<control type="label">
					<label>-</label>
					<height>5</height>
				</control>
				<!--plot-->
				<control type="group">
					<visible allowhiddenfocus="true">![Control.HasFocus(8004) | Control.HasFocus(50)]</visible>
					<control type="textbox" id="400">
						<width>800</width>
						<height>270</height>
						<left>0</left>
						<textcolor>Color1</textcolor>
						<font>regular_24</font>
						<label>$INFO[ListItem.Plot]</label>
						<autoscroll delay="5000" time="3000" repeat="10000"></autoscroll>
					</control>
				</control>
				<!--cast list-->
				<control type="list" id="50">
					<width>800</width>
					<height>260</height>
					<onback>8004</onback>
					<onleft>8001</onleft>
					<onright>8005</onright>
					<onup>50</onup>
					<ondown>50</ondown>
					<include>global_ListScroll</include>
					<visible allowhiddenfocus="true">Control.HasFocus(8004) | Control.HasFocus(50)</visible>
					<itemlayout height="44">
						<control type="image">
							<width>800</width>
							<include>column_ListButton</include>
						</control>
						<control type="label">
							<left>15</left>
							<width>750</width>
							<label>$INFO[ListItem.Label]</label>
							<include>column_ListButtonLabel</include>
						</control>
					</itemlayout>
					<focusedlayout height="44">
						<control type="group">
							<visible>Control.HasFocus(8004)</visible>
							<control type="image">
								<width>800</width>
								<include>column_ListButton</include>
							</control>
							<control type="label">
								<width>750</width>
								<label>$INFO[ListItem.Label]</label>
								<textoffsetx>15</textoffsetx>
								<include>column_ListButtonLabel</include>
							</control>
						</control>
						<control type="group">
							<visible>!Control.HasFocus(8004)</visible>
							<control type="image">
								<width>800</width>
								<include>column_ListButtonFocus</include>
							</control>
							<control type="label">
								<width>750</width>
								<label>$INFO[ListItem.Label]</label>
								<textoffsetx>15</textoffsetx>
								<textcolor>Color5</textcolor>
								<include>column_ListButtonLabel</include>
							</control>
						</control>
					</focusedlayout>
				</control>
			</control>
			<!--flags-->
			<control type="grouplist" id="100">
				<left>450</left>
				<bottom>15</bottom>
				<width>800</width>
				<height>64</height>
				<itemgap>15</itemgap>
				<orientation>horizontal</orientation>
				<control type="image">
					<width>64</width>
					<height>64</height>
					<aspectratio align="center">keep</aspectratio>
					<texture>flags/rating/star.png</texture>
					<visible>!IsEmpty(Listitem.Rating)</visible>
				</control>
				<control type="label">
					<width>48</width>
					<height>64</height>
					<label>$INFO[ListItem.Rating]</label>
					<font>bold_32</font>
					<textcolor>Color1</textcolor>
					<visible>!IsEmpty(Listitem.Rating)</visible>
				</control>
				<control type="image">
					<width>96</width>
					<height>64</height>
					<texture>$INFO[ListItem.VideoResolution,flags/video/resolution/,.png]</texture>
					<aspectratio align="center">keep</aspectratio>
					<visible>[Container.Content(movies) | Container.Content(episodes) | Container.Content(musicvideos)] + !IsEmpty(Listitem.VideoResolution)</visible>
				</control>
				<control type="image">
					<width>96</width>
					<height>64</height>
					<texture>$INFO[Listitem.VideoCodec,flags/codec/,.png]</texture>
					<aspectratio align="center">keep</aspectratio>
					<visible>[Container.Content(movies) | Container.Content(episodes) | Container.Content(musicvideos)] + !IsEmpty(Listitem.VideoCodec)</visible>
				</control>
				<control type="image">
					<width>96</width>
					<height>64</height>
					<texture>$INFO[Listitem.AudioCodec,flags/codec/,.png]</texture>
					<aspectratio align="center">keep</aspectratio>
					<visible>[Container.Content(movies) | Container.Content(episodes) | Container.Content(musicvideos)] + !IsEmpty(Listitem.AudioCodec)</visible>
				</control>
				<control type="image">
					<width>96</width>
					<height>64</height>
					<texture>$INFO[Listitem.VideoAspect,flags/video/aspectratio/,.png]</texture>
					<aspectratio align="center">keep</aspectratio>
					<visible>[Container.Content(movies) | Container.Content(episodes) | Container.Content(musicvideos)] + !IsEmpty(Listitem.VideoAspect)</visible>
				</control>
				<control type="image" id="1000">
					<width>96</width>
					<height>64</height>
					<texture fallback="flags/studios/Default.png">$INFO[ListItem.Studio,flags/studios/,.png]</texture>
					<aspectratio align="center">keep</aspectratio>
				</control>
				<control type="label">
					<width>220</width>
					<height>64</height>
					<align>left</align>
					<label>$INFO[ListItem.Studio]</label>
					<font>condensed_20-U</font>
					<textcolor>Color9</textcolor>
					<wrapmultiline>true</wrapmultiline>
					<visible>SubString(Control.GetLabel(1000),Default.png)</visible>
				</control>
			</control>
		</control>
	</controls>
</window>