<?xml version="1.0" encoding="UTF-8"?>
<window>
	<defaultcontrol>10</defaultcontrol>
	<include>transition_Dialog</include>
	<coordinates>
		<system>1</system>
		<left>365</left>
		<top>110</top>
	</coordinates>
	<controls>
		<control type="image">
			<width>550</width>
			<height>250</height>
			<include>dialog_Window</include>
		</control>
		<control type="label" id="1">
			<width>500</width>
			<include>dialog_Windowtitle</include>
		</control>
		<!--textbox-->
		<control type="textbox" id="9">
			<left>15</left>
			<top>60</top>
			<width>520</width>
			<height>auto</height>
			<label>-</label>
			<align>center</align>
			<aligny>top</aligny>
			<include>dialog_Text</include>
		</control>
		<control type="progress" id="20">
			<left>19</left>
			<top>160</top>
			<width>512</width>
			<height>16</height>
			<reveal>true</reveal>
			<include>dialog_Progress</include>
		</control>
		<control type="button" id="10">
			<left>218</left>
			<top>190</top>
			<label>$LOCALIZE[222]</label>
			<include>dialog_WindowButton</include>
		</control>
	</controls>
</window>