<?xml version="1.0" encoding="UTF-8"?>
<window>
	<defaultcontrol always="true">10000</defaultcontrol>
	<include>transition_Dialog</include>
	<coordinates>
		<system>1</system>
		<left>225</left>
		<top>70</top>
	</coordinates>
	<controls>
		<control type="group">
			<visible>!Window.IsActive(yesnodialog) + !Window.IsActive(addonsettings)</visible>
			<control type="image">
				<width>830</width>
				<height>580</height>
				<include>dialog_Window</include>
			</control>
			<control type="label" id="1">
				<width>822</width>
				<label>$INFO[ListItem.Property(Addon.Name)]</label>
				<include>dialog_Windowtitle</include>
			</control>
			<control type="image">
				<left>625</left>
				<top>61</top>
				<height>199</height>
				<include>dialog_Separator-y</include>
			</control>
			<control type="group">
				<left>626</left>
				<top>60</top>
				<control type="image">
					<width>200</width>
					<height>200</height>
					<aspectratio>keep</aspectratio>
					<texture>thumbs/default_Square.png</texture>
				</control>
				<control type="image">
					<width>200</width>
					<height>200</height>
					<aspectratio>keep</aspectratio>
					<texture>$INFO[ListItem.Icon]</texture>
				</control>
			</control>
			<control type="group">
				<left>4</left>
				<top>60</top>
				<control type="image">
					<width>822</width>
					<include>dialog_Separator</include>
				</control>
				<control type="image">
					<left>628</left>
					<top>199</top>
					<width>194</width>
					<include>dialog_Separator</include>
				</control>
				<control type="image">
					<top>435</top>
					<width>822</width>
					<include>dialog_Separator</include>
				</control>
				<control type="grouplist" id="100">
					<width>800</width>
					<height>480</height>
					<itemgap>0</itemgap>
					<onleft>noop</onleft>
					<onright>noop</onright>
					<onup>100</onup>
					<ondown>100</ondown>
					<include>global_ListScroll</include>
					<control type="button" id="101">
						<width>621</width>
						<label>$LOCALIZE[467]</label>
						<label2>$INFO[ListItem.Property(Addon.Type)]</label2>
						<include>dialog_ControlCommons</include>
					</control>
					<control type="button" id="102">
						<width>621</width>
						<label>$LOCALIZE[21863]</label>
						<label2>$INFO[ListItem.Property(Addon.Creator)]</label2>
						<include>dialog_ControlCommons</include>
					</control>
					<control type="button" id="103">
						<width>621</width>
						<label>$LOCALIZE[24051]</label>
						<label2>$INFO[ListItem.Property(Addon.Version)]</label2>
						<include>dialog_ControlCommons</include>
					</control>
					<control type="button" id="104">
						<width>621</width>
						<label>$LOCALIZE[563]</label>
						<label2>$INFO[ListItem.Property(Addon.Rating)]</label2>
						<include>dialog_ControlCommons</include>
					</control>
					<control type="button" id="105">
						<width>621</width>
						<label>$LOCALIZE[24052]</label>
						<label2>$INFO[ListItem.Property(Addon.Disclaimer)]</label2>
						<include>dialog_ControlCommons</include>
					</control>
				</control>
				<!--description-->
				<control type="group">
					<left>15</left>
					<top>200</top>
					<control type="textbox" id="400">
						<width>795</width>
						<height>235</height>
						<label>$INFO[ListItem.Property(Addon.Description)]</label>
						<include>dialog_Text</include>
						<visible>IsEmpty(ListItem.Property(Addon.broken))</visible>
					</control>
					<control type="textbox" id="400">
						<width>660</width>
						<height>145</height>
						<label>$INFO[ListItem.Property(Addon.Description)]</label>
						<include>dialog_Text</include>
						<visible>!IsEmpty(ListItem.Property(Addon.broken))</visible>
					</control>
				</control>
				<!--status-->
				<control type="group">
					<top>370</top>
					<visible>!IsEmpty(ListItem.Property(Addon.broken))</visible>
					<control type="image">
						<width>822</width>
						<include>dialog_Separator</include>
					</control>
					<control type="image">
						<left>15</left>
						<top>9</top>
						<width>48</width>
						<height>48</height>
						<texture>toast/error.png</texture>
						<colordiffuse>Color4</colordiffuse>
					</control>
					<control type="group">
						<left>75</left>
						<top>7</top>
						<control type="label">
							<width>730</width>
							<label>[B]$LOCALIZE[24096][/B]</label>
							<include>dialog_Text</include>
						</control>
						<control type="label">
							<top>22</top>
							<width>730</width>
							<label>$INFO[ListItem.Property(Addon.Broken)]</label>
							<include>dialog_Text</include>
						</control>
					</control>
				</control>
			</control>
			<!--dialog buttons-->
			<control type="grouplist" id="10000">
				<left>20</left>
				<top>515</top>
				<onleft>10000</onleft>
				<onright>10000</onright>
				<onup>noop</onup>
				<ondown>noop</ondown>
				<itemgap>10</itemgap>
				<orientation>horizontal</orientation>
				<!--configure-->
				<control type="button" id="9">
					<left>266</left>
					<label>$LOCALIZE[24020]</label>
					<include>dialog_WindowButton</include>
				</control>
				<!--update-->
				<control type="button" id="8">
					<left>399</left>
					<label>$LOCALIZE[24069]</label>
					<include>dialog_WindowButton</include>
				</control>
				<!--uninstall-->
				<control type="button" id="6">
					<label>$LOCALIZE[24022]</label>
					<include>dialog_WindowButton</include>
				</control>
				<!--disable-->
				<control type="button" id="7">
					<left>133</left>
					<label>$LOCALIZE[24021]</label>
					<include>dialog_WindowButton</include>
				</control>
				<!--rollback-->
				<control type="button" id="11">
					<left>133</left>
					<label>$LOCALIZE[24048]</label>
					<include>dialog_WindowButton</include>
				</control>
				<!--changelog-->
				<control type="button" id="10">
					<left>532</left>
					<label>$LOCALIZE[24036]</label>
					<width>135</width>
					<include>dialog_WindowButton</include>
				</control>
			</control>
		</control>
	</controls>
</window>