<?xml version="1.0" encoding="UTF-8"?>
<window>
	<defaultcontrol always="true">21</defaultcontrol>
	<include>transition_Dialog</include>
	<coordinates>
		<system>2</system>
		<left>474</left>
		<top>177</top>
	</coordinates>
	<controls>
		<control type="image" id="1">
			<include>dialog_Window</include>
			<width>332</width>
			<height>366</height>
		</control>
		<control type="label" id="1">
			<width>324</width>
			<label>$LOCALIZE[1007]</label>
			<include>dialog_Windowtitle</include>
		</control>
		<control type="group">
			<left>19</left>
			<top>59</top>
			<control type="image" id="1">
				<top>1</top>
				<width>295</width>
				<height>40</height>
				<texture border="142,0,3,0">dialogs/keyboard/edit-fo.png</texture>
				<visible>!ControlGroup(9000).HasFocus()</visible>
			</control>
			<control type="image" id="1">
				<top>1</top>
				<width>295</width>
				<height>40</height>
				<texture border="142,0,3,0">dialogs/keyboard/edit-nf.png</texture>
				<visible>ControlGroup(9000).HasFocus()</visible>
			</control>
			<control type="label" id="4">
				<width>295</width>
				<align>center</align>
				<include>dialog_Edit</include>
			</control>
			<control type="group" id="9000">
				<top>60</top>
				<!--row 1-->
				<control type="grouplist">
					<width>726</width>
					<height>48</height>
					<itemgap>10</itemgap>
					<orientation>horizontal</orientation>
					<control type="button" id="11">
						<description>1 button</description>
						<label>$LOCALIZE[12311]</label>
						<onup>20</onup>
						<ondown>14</ondown>
						<include>dialog_KeyboardButton</include>
					</control>
					<control type="button" id="12">
						<description>2 button</description>
						<label>$LOCALIZE[12312]</label>
						<onup>10</onup>
						<ondown>15</ondown>
						<include>dialog_KeyboardButton</include>
					</control>
					<control type="button" id="13">
						<description>3 button</description>
						<label>$LOCALIZE[12313]</label>
						<onup>22</onup>
						<ondown>16</ondown>
						<include>dialog_KeyboardButton</include>
					</control>
					<control type="button" id="23">
						<description>Backspace button</description>
						<width>120</width>
						<label>$LOCALIZE[20181]</label>
						<onup>21</onup>
						<ondown>21</ondown>
						<include>dialog_KeyboardButton</include>
					</control>
				</control>
				<!--row 2-->
				<control type="grouplist">
					<top>58</top>
					<width>726</width>
					<height>48</height>
					<itemgap>10</itemgap>
					<orientation>horizontal</orientation>
					<control type="button" id="14">
						<description>4 button</description>
						<label>$LOCALIZE[12314]</label>
						<onup>11</onup>
						<ondown>17</ondown>
						<include>dialog_KeyboardButton</include>
					</control>
					<control type="button" id="15">
						<description>5 button</description>
						<label>$LOCALIZE[12315]</label>
						<onup>12</onup>
						<ondown>18</ondown>
						<include>dialog_KeyboardButton</include>
					</control>
					<control type="button" id="16">
						<description>6 button</description>
						<label>$LOCALIZE[12316]</label>
						<onup>13</onup>
						<ondown>19</ondown>
						<include>dialog_KeyboardButton</include>
					</control>
					<control type="button" id="21">
						<description>Done button</description>
						<width>120</width>
						<textwidth>120</textwidth>
						<label>$LOCALIZE[20177]</label>
						<onup>23</onup>
						<ondown>23</ondown>
						<include>dialog_KeyboardButton</include>
					</control>
				</control>
				<!--row 3-->
				<control type="grouplist">
					<top>116</top>
					<width>726</width>
					<height>48</height>
					<itemgap>10</itemgap>
					<orientation>horizontal</orientation>
					<control type="button" id="17">
						<description>7 button</description>
						<label>$LOCALIZE[12317]</label>
						<onup>14</onup>
						<ondown>20</ondown>
						<include>dialog_KeyboardButton</include>
					</control>
					<control type="button" id="18">
						<description>8 button</description>
						<label>$LOCALIZE[12318]</label>
						<onup>15</onup>
						<ondown>10</ondown>
						<include>dialog_KeyboardButton</include>
					</control>
					<control type="button" id="19">
						<description>9 button</description>
						<label>$LOCALIZE[12319]</label>
						<onup>16</onup>
						<ondown>22</ondown>
						<include>dialog_KeyboardButton</include>
					</control>
				</control>
				<!--row 4-->
				<control type="grouplist">
					<top>174</top>
					<width>726</width>
					<height>48</height>
					<itemgap>10</itemgap>
					<orientation>horizontal</orientation>
					<control type="button" id="20">
						<description>prev button</description>
						<label>&lt;</label>
						<onup>17</onup>
						<ondown>11</ondown>
						<include>dialog_KeyboardButton</include>
					</control>
					<control type="button" id="10">
						<description>0 button</description>
						<label>$LOCALIZE[12310]</label>
						<onup>18</onup>
						<ondown>12</ondown>
						<include>dialog_KeyboardButton</include>
					</control>
					<control type="button" id="22">
						<description>next button</description>
						<label>&gt;</label>
						<onup>19</onup>
						<ondown>13</ondown>
						<include>dialog_KeyboardButton</include>
					</control>
				</control>
			</control>
		</control>
	</controls>
</window>