<?xml version="1.0" encoding="UTF-8"?>
<window>
	<defaultcontrol>5</defaultcontrol>
	<include>transition_Dialog</include>
	<coordinates>
		<system>1</system>
		<left>265</left>
		<top>70</top>
	</coordinates>
	<controls>
		<control type="group">
			<control type="image">
				<width>750</width>
				<height>555</height>
				<include>dialog_Window</include>
			</control>
			<control type="label" id="1">
				<width>742</width>
				<label>$LOCALIZE[13406]</label>
				<include>dialog_Windowtitle</include>
			</control>
			<control type="group">
				<left>4</left>
				<top>60</top>
				<control type="image">
					<width>742</width>
					<include>dialog_Separator</include>
				</control>
				<control type="list" id="5">
					<top>1</top>
					<width>742</width>
					<height>400</height>
					<onup>5</onup>
					<ondown>5</ondown>
					<include>global_ListScroll</include>
					<itemlayout height="40">
						<control type="image">
							<width>742</width>
							<include>dialog_CommonList</include>
						</control>
						<control type="label">
							<left>20</left>
							<width>600</width>
							<label>$INFO[ListItem.Label]</label>
							<include>dialog_CommonListItem</include>
						</control>
						<control type="label">
							<left>722</left>
							<width>473</width>
							<label>$INFO[ListItem.Label2]</label>
							<align>right</align>
							<include>dialog_CommonListItem</include>
						</control>
					</itemlayout>
					<focusedlayout height="40">
						<control type="image">
							<width>742</width>
							<include>dialog_CommonListFocus</include>
						</control>
						<control type="label">
							<left>20</left>
							<width>600</width>
							<label>$INFO[ListItem.Label]</label>
							<include>dialog_CommonListItemFocus</include>
						</control>
						<control type="label">
							<left>722</left>
							<width>473</width>
							<label>$INFO[ListItem.Label2]</label>
							<align>right</align>
							<include>dialog_CommonListItemFocus</include>
						</control>
					</focusedlayout>
				</control>
			</control>
			<control type="label">
				<left>19</left>
				<top>485</top>
				<width>716</width>
				<label>$INFO[Container(5).CurrentPage]/$INFO[Container(5).NumPages]</label>
				<align>center</align>
				<include>dialog_ControlCommons</include>
			</control>
		</control>
	</controls>
</window>