<?xml version="1.0" encoding="UTF-8"?>
<window>
	<defaultcontrol>-</defaultcontrol>
	<visible>Window.IsActive(fullscreenvideo) + [Player.ShowInfo | Player.Seeking | Player.DisplayAfterSeek | Player.Paused | Player.Forwarding | Player.Rewinding | Window.IsVisible(fullscreeninfo)] + !Window.IsVisible(sliderdialog) + ![Window.IsActive(videoosd) | Window.IsActive(subtitlesearch) | Window.IsActive(pvrguideinfo) | Window.IsActive(pvrosdchannels) | Window.IsActive(pvrosdguide) | Window.IsActive(yesnodialog) | Window.IsActive(okdialog) | Window.IsActive(progressdialog) | Window.IsActive(virtualkeyboard) | Window.IsActive(numericinput) | Window.IsActive(shutdownmenu) | Window.IsActive(osdvideosettings) | Window.IsActive(osdaudiosettings) | Window.IsActive(videobookmarks)]</visible>
	<controls>
		<control type="group">
			<!--player status-->
			<control type="label">
				<left>30</left>
				<top>20</top>
				<width>screen_Width</width>
				<label>$VAR[player_Status]</label>
				<textcolor>Color8</textcolor>
				<font>condensed_36-U</font>
				<visible>[Player.Seeking | Player.DisplayAfterSeek | Player.Paused | Player.Forwarding | Player.Rewinding | Player.Caching]</visible>
			</control>
			<!--media info-->
			<control type="group">
				<include>osd_Seekbar</include>
				<visible>[Player.ShowInfo | Window.IsVisible(fullscreeninfo)] | [Player.Seeking | Player.DisplayAfterSeek | Player.Paused | Player.Forwarding | Player.Rewinding | Player.Caching]</visible>
				<include>transition_OSD</include>
			</control>
			<control type="group">
				<include>osd_Video</include>
				<visible>[Player.ShowInfo | Window.IsVisible(fullscreeninfo)]</visible>
				<include>transition_OSD</include>
			</control>
		</control>
	</controls>
</window>