<?xml version="1.0" encoding="UTF-8"?>
<window>
	<defaultcontrol always="true">901</defaultcontrol>
	<include>transition_Dialog</include>
	<coordinates>
		<system>1</system>
		<left>340</left>
		<top>88</top>
	</coordinates>
	<controls>
		<control type="group">
			<visible>!Window.IsVisible(musicinformation)</visible>
			<control type="image">
				<width>600</width>
				<height>545</height>
				<include>dialog_Window</include>
			</control>
			<control type="label" id="1">
				<width>592</width>
				<label>$LOCALIZE[658]</label>
				<include>dialog_Windowtitle</include>
			</control>
			<control type="group">
				<left>4</left>
				<top>60</top>
				<control type="image">
					<width>592</width>
					<include>dialog_Separator</include>
				</control>
				<control type="list" id="100">
					<width>592</width>
					<height>420</height>
					<onleft>noop</onleft>
					<onright>noop</onright>
					<onup>100</onup>
					<ondown>100</ondown>
					<include>global_ListScroll</include>
					<itemlayout height="40">
						<control type="image">
							<width>592</width>
							<height>40</height>
							<include>dialog_CommonList</include>
						</control>
						<control type="label">
							<width>180</width>
							<height>36</height>
							<label>$INFO[ListItem.Label]</label>
							<include>dialog_CommonListItem</include>
						</control>
						<control type="label">
							<left>577</left>
							<width>400</width>
							<height>36</height>
							<align>right</align>
							<label>$INFO[ListItem.Label2]</label>
							<include>autoscroll_Line</include>
							<include>dialog_CommonListItem</include>
						</control>
					</itemlayout>
					<focusedlayout height="40">
						<control type="image">
							<width>592</width>
							<include>dialog_CommonList</include>
						</control>
						<control type="label">
							<width>180</width>
							<height>36</height>
							<label>$INFO[ListItem.Label]</label>
							<include>dialog_CommonListItem</include>
						</control>
						<control type="label">
							<left>577</left>
							<width>400</width>
							<height>36</height>
							<align>right</align>
							<label>$INFO[ListItem.Label2]</label>
							<include>autoscroll_Line</include>
							<include>dialog_CommonListItem</include>
						</control>
					</focusedlayout>
					<content>
						<item id="1">
							<label>$LOCALIZE[556]</label>
							<label2>$INFO[ListItem.Title]</label2>
							<onclick>noop</onclick>
						</item>
						<item id="2">
							<label>$LOCALIZE[557]</label>
							<label2>$INFO[ListItem.Artist]</label2>
							<onclick>noop</onclick>
						</item>
						<item id="3">
							<label>$LOCALIZE[558]</label>
							<label2>$INFO[ListItem.Album]</label2>
							<onclick>noop</onclick>
						</item>
						<item id="4">
							<label>$LOCALIZE[562]</label>
							<label2>$INFO[ListItem.Year]</label2>
							<onclick>noop</onclick>
						</item>
						<item id="5">
							<label>$LOCALIZE[515]</label>
							<label2>$INFO[ListItem.Genre]</label2>
							<onclick>noop</onclick>
						</item>
						<item id="6">
							<label>$LOCALIZE[554]</label>
							<label2>$INFO[ListItem.TrackNumber]</label2>
							<onclick>noop</onclick>
						</item>
						<item id="7">
							<label>$LOCALIZE[467]</label>
							<label2>$INFO[ListItem.FileExtension]</label2>
							<onclick>noop</onclick>
						</item>
						<item id="8">
							<label>$LOCALIZE[569]</label>
							<label2>$INFO[ListItem.Comment]</label2>
							<onclick>noop</onclick>
						</item>
						<item id="9">
							<label>$LOCALIZE[573]</label>
							<label2>$INFO[ListItem.Path]</label2>
							<onclick>noop</onclick>
						</item>
						<item id="10">
							<label>$LOCALIZE[563]</label>
							<label2>-</label2>
							<onclick>noop</onclick>
						</item>
					</content>
				</control>
			</control>
			<!--dialog controls-->
			<control type="group" id="901">
				<left>45</left>
				<top>480</top>
				<!--thumb-->
				<control type="button" id="13">
					<label>$LOCALIZE[21371]</label>
					<onleft>11</onleft>
					<onright>12</onright>
					<onup>IncreaseRating</onup>
					<onup>SetFocus(10)</onup>
					<ondown>DecreaseRating</ondown>
					<ondown>SetFocus(10)</ondown>
					<onback>SendClick(10)</onback>
					<width>120</width>
					<include>dialog_WindowButton</include>
				</control>
				<!--album info-->
				<control type="button" id="12">
					<left>130</left>
					<label>$LOCALIZE[10523]</label>
					<onleft>13</onleft>
					<onright>10</onright>
					<onup>IncreaseRating</onup>
					<onup>SetFocus(10)</onup>
					<ondown>DecreaseRating</ondown>
					<ondown>SetFocus(10)</ondown>
					<onback>SendClick(10)</onback>
					<include>dialog_WindowButton</include>
				</control>
				<!--ok-->
				<control type="button" id="10">
					<left>260</left>
					<label>$LOCALIZE[186]</label>
					<onleft>12</onleft>
					<onright>11</onright>
					<onup>IncreaseRating</onup>
					<onup>SetFocus(10)</onup>
					<ondown>DecreaseRating</ondown>
					<ondown>SetFocus(10)</ondown>
					<onback>SendClick(10)</onback>
					<include>dialog_WindowButton</include>
				</control>
				<!--cancel-->
				<control type="button" id="11">
					<left>390</left>
					<label>$LOCALIZE[222]</label>
					<onleft>10</onleft>
					<onright>13</onright>
					<onup>IncreaseRating</onup>
					<onup>SetFocus(10)</onup>
					<ondown>DecreaseRating</ondown>
					<ondown>SetFocus(10)</ondown>
					<onback>SendClick(10)</onback>
					<include>dialog_WindowButton</include>
				</control>
			</control>
		</control>
	</controls>
</window>