<?xml version="1.0" encoding="UTF-8"?>
<window type="dialog">
	<zorder>2</zorder>
	<include>fadeinout</include>
	<coordinates>
		<system>1</system>
		<left>20</left>
		<top>20</top>
	</coordinates>
	<controls>
		<control type="image">
			<width>400</width>
			<height>100</height>
			<include>dialog_Window</include>
		</control>
		<!--song number label-->
		<control type="label" id="401">
			<left>20</left>
			<top>20</top>
			<width>360</width>
			<textcolor>Color4</textcolor>
			<include>dialog_Title</include>
		</control>
		<!--song name label-->
		<control type="label" id="402">
			<left>20</left>
			<top>50</top>
			<width>360</width>
			<scroll>true</scroll>
			<font>regular_22</font>
			<textcolor>Color4</textcolor>
		</control>
	</controls>
</window>