<?xml version="1.0" encoding="UTF-8"?>
<window type="dialog">
	<defaultcontrol always="true">450</defaultcontrol>
	<include>transition_Dialog</include>
	<coordinates>
		<system>1</system>
		<left>240</left>
		<top>68</top>
	</coordinates>
	<controls>
		<control type="group">
			<control type="image">
				<width>800</width>
				<height>584</height>
				<include>dialog_Window</include>
			</control>
			<control type="label" id="411">
				<width>792</width>
				<label>$LOCALIZE[1023]</label>
				<include>dialog_Windowtitle</include>
			</control>
			<control type="group">
				<left>4</left>
				<top>60</top>
				<control type="image">
					<width>792</width>
					<include>dialog_Separator</include>
				</control>
				<control type="image">
					<top>40</top>
					<width>792</width>
					<include>dialog_SectionSeparator</include>
				</control>
				<control type="image">
					<top>439</top>
					<width>792</width>
					<include>dialog_Separator</include>
				</control>
			</control>
			<control type="group" id="9002">
				<!--path label-->
				<control type="label" id="412">
					<left>4</left>
					<top>60</top>
					<width>792</width>
					<haspath>true</haspath>
					<textcolor>Color5</textcolor>
					<include>dialog_ControlCommons</include>
				</control>
				<control type="list" id="450">
					<left>4</left>
					<top>100</top>
					<width>792</width>
					<height>400</height>
					<onleft>noop</onleft>
					<onright>9001</onright>
					<onup>450</onup>
					<ondown>450</ondown>
					<pagecontrol>60</pagecontrol>
					<preloaditems>4</preloaditems>
					<include>global_ListScroll</include>
					<itemlayout width="792" height="40">
						<control type="image">
							<width>792</width>
							<include>dialog_CommonList</include>
						</control>
						<control type="image">
							<left>4</left>
							<width>40</width>
							<height>40</height>
							<colordiffuse>Color5</colordiffuse>
							<texture>$INFO[ListItem.ActualIcon]</texture>
						</control>
						<control type="label">
							<left>60</left>
							<width>715</width>
							<info>ListItem.Label</info>
							<include>dialog_CommonListItem</include>
						</control>
					</itemlayout>
					<focusedlayout width="792" height="40">
						<control type="image">
							<width>792</width>
							<include>dialog_CommonListFocus</include>
						</control>
						<control type="image">
							<left>4</left>
							<width>40</width>
							<height>40</height>
							<colordiffuse>Color1</colordiffuse>
							<texture>$INFO[ListItem.ActualIcon]</texture>
						</control>
						<control type="label">
							<left>60</left>
							<width>715</width>
							<info>ListItem.Label</info>
							<include>dialog_CommonListItemFocus</include>
						</control>
					</focusedlayout>
				</control>
				<control type="panel" id="451">
					<left>4</left>
					<top>102</top>
					<width>800</width>
					<height>400</height>
					<onleft>noop</onleft>
					<onright>noop</onright>
					<onup>9001</onup>
					<ondown>9001</ondown>
					<pagecontrol>60</pagecontrol>
					<preloaditems>4</preloaditems>
					<include>global_ListScroll</include>
					<itemlayout width="264" height="199">
						<control type="image">
							<centerleft>132</centerleft>
							<top>37</top>
							<width>96</width>
							<height>96</height>
							<texture>$INFO[ListItem.ActualIcon]</texture>
							<colordiffuse>Color5</colordiffuse>
							<visible>IsEmpty(ListItem.Art(thumb))</visible>
						</control>
						<control type="image">
							<left>10</left>
							<top>10</top>
							<width>245</width>
							<height>150</height>
							<texture>$INFO[ListItem.Art(thumb)]</texture>
							<aspectratio align="center" aligny="center">keep</aspectratio>
						</control>
						<control type="label">
							<left>132</left>
							<top>154</top>
							<width>265</width>
							<align>center</align>
							<label>$INFO[ListItem.Label]</label>
							<include>dialog_ControlCommons</include>
						</control>
					</itemlayout>
					<focusedlayout width="264" height="199">
						<control type="image">
							<width>264</width>
							<height>199</height>
							<texture>frames/frame-fo.png</texture>
							<colordiffuse>Color5</colordiffuse>
						</control>
						<control type="image">
							<centerleft>132</centerleft>
							<top>37</top>
							<width>96</width>
							<height>96</height>
							<texture>$INFO[ListItem.ActualIcon]</texture>
							<colordiffuse>Color1</colordiffuse>
							<visible>IsEmpty(ListItem.Art(thumb))</visible>
						</control>
						<control type="image">
							<left>10</left>
							<top>10</top>
							<width>245</width>
							<height>150</height>
							<texture>$INFO[ListItem.Art(thumb)]</texture>
							<aspectratio align="center" aligny="center">keep</aspectratio>
						</control>
						<control type="label">
							<left>132</left>
							<top>154</top>
							<width>265</width>
							<align>center</align>
							<label>$INFO[ListItem.Label]</label>
							<textcolor>Color1</textcolor>
							<include>dialog_ControlCommons</include>
						</control>
					</focusedlayout>
				</control>
			</control>
			<control type="group" id="9001">
				<left>20</left>
				<top>520</top>
				<!--new folder-->
				<control type="button" id="415">
					<label>$LOCALIZE[119]</label>
					<onleft>414</onleft>
					<onright>413</onright>
					<onup>9002</onup>
					<ondown>9002</ondown>
					<include>dialog_WindowButton</include>
				</control>
				<!--ok-->
				<control type="button" id="413">
					<left>506</left>
					<label>$LOCALIZE[186]</label>
					<onleft>415</onleft>
					<onright>414</onright>
					<onup>9002</onup>
					<ondown>9002</ondown>
					<include>dialog_WindowButton</include>
				</control>
				<!--cancel-->
				<control type="button" id="414">
					<left>636</left>
					<label>$LOCALIZE[222]</label>
					<onleft>413</onleft>
					<onright>415</onright>
					<onup>9002</onup>
					<ondown>9002</ondown>
					<include>dialog_WindowButton</include>
				</control>
			</control>
		</control>
	</controls>
</window>