<?xml version="1.0" encoding="UTF-8"?>
<fonts>
	<fontset id="Default" unicode="true">
		<!--regular-->
		<font>
			<name>regular_20</name>
			<filename>weblysleek-regular.ttf</filename>
			<size>20</size>
		</font>
		<font>
			<name>regular_20-U</name>
			<filename>weblysleek-regular.ttf</filename>
			<size>20</size>
			<style>uppercase</style>
		</font>
		<font>
			<name>regular_22</name>
			<filename>weblysleek-regular.ttf</filename>
			<size>22</size>
		</font>
		<font>
			<name>regular_24</name>
			<filename>weblysleek-regular.ttf</filename>
			<size>24</size>
		</font>
		<font>
			<name>regular_26</name>
			<filename>weblysleek-regular.ttf</filename>
			<size>26</size>
		</font>
		<font>
			<name>regular_30</name>
			<filename>weblysleek-regular.ttf</filename>
			<size>30</size>
		</font>
		<font>
			<name>regular_40</name>
			<filename>weblysleek-regular.ttf</filename>
			<size>40</size>
		</font>
		<!--condensed-->
		<font>
			<name>condensed_20-U</name>
			<filename>roboto-condensed-light.ttf</filename>
			<size>20</size>
			<style>uppercase</style>
		</font>
		<font>
			<name>condensed_36-U</name>
			<filename>roboto-condensed-light.ttf</filename>
			<size>36</size>
			<style>uppercase</style>
		</font>
		<font>
			<name>condensed_48-U</name>
			<filename>roboto-condensed-light.ttf</filename>
			<size>48</size>
			<style>uppercase</style>
		</font>
		<!--semibold-->
		<font>
			<name>semibold_20</name>
			<filename>weblysleek-semibold.ttf</filename>
			<size>20</size>
		</font>
		<font>
			<name>semibold_20-U</name>
			<filename>weblysleek-semibold.ttf</filename>
			<size>20</size>
			<style>uppercase</style>
		</font>
		<font>
			<name>semibold_22-U</name>
			<filename>weblysleek-semibold.ttf</filename>
			<size>22</size>
			<style>uppercase</style>
		</font>
		<font>
			<name>semibold_25</name>
			<filename>weblysleek-semibold.ttf</filename>
			<size>25</size>
		</font>
		<font>
			<name>semibold_30-U</name>
			<filename>weblysleek-semibold.ttf</filename>
			<size>30</size>
			<style>uppercase</style>
		</font>
		<font>
			<name>semibold_35</name>
			<filename>weblysleek-semibold.ttf</filename>
			<size>35</size>
		</font>
		<font>
			<name>semibold_35-U</name>
			<filename>weblysleek-semibold.ttf</filename>
			<size>35</size>
			<style>uppercase</style>
		</font>
		<!--light-->
		<font>
			<name>light_22</name>
			<filename>weblysleek-light.ttf</filename>
			<size>22</size>
		</font>
		<font>
			<name>light_24</name>
			<filename>weblysleek-light.ttf</filename>
			<size>24</size>
		</font>
		<font>
			<name>light_28</name>
			<filename>weblysleek-light.ttf</filename>
			<size>28</size>
		</font>
		<font>
			<name>light_30</name>
			<filename>weblysleek-light.ttf</filename>
			<size>30</size>
		</font>
		<font>
			<name>light_32</name>
			<filename>weblysleek-light.ttf</filename>
			<size>32</size>
		</font>
		<font>
			<name>light_38</name>
			<filename>weblysleek-light.ttf</filename>
			<size>38</size>
		</font>
		<font>
			<name>light_44</name>
			<filename>weblysleek-light.ttf</filename>
			<size>44</size>
		</font>
		<font>
			<name>light_48</name>
			<filename>weblysleek-light.ttf</filename>
			<size>48</size>
		</font>
		<font>
			<name>icomoon_48</name>
			<filename>icomoon.ttf</filename>
			<size>48</size>
		</font>
		<font>
			<name>bold_32</name>
			<filename>roboto-bold.ttf</filename>
			<size>32</size>
		</font>
		<!--confluence fonts for add-on compatibility-->
		<font>
			<name>font10</name>
			<filename>roboto-regular.ttf</filename>
			<size>14</size>
		</font>
		<font>
			<name>font12</name>
			<filename>roboto-regular.ttf</filename>
			<size>17</size>
		</font>
		<font>
			<name>font13</name>
			<filename>roboto-regular.ttf</filename>
			<size>20</size>
		</font>
		<font>
			<name>font12_title</name>
			<filename>roboto-regular.ttf</filename>
			<size>17</size>
		</font>
	</fontset>
</fonts>