<?xml version="1.0" encoding="UTF-8"?>
<includes>
	<!--global-->
	<include name="fadeinout">
		<animation type="WindowOpen">
			<effect type="Fade" start="0" end="100" time="350" />
		</animation>
		<animation type="WindowClose">
			<effect type="Fade" start="100" end="0" time="250" />
		</animation>
		<animation type="Visible">
			<effect type="Fade" start="0" end="100" time="250" />
		</animation>
		<animation type="Hidden">
			<effect type="Fade" start="100" end="0" time="150" />
		</animation>
	</include>
	<include name="fadein">
		<animation type="WindowOpen">
			<effect type="Fade" start="0" end="100" time="350" />
		</animation>
		<animation type="Visible">
			<effect type="Fade" start="0" end="100" time="250" />
		</animation>
	</include>
	<!--menu guide-->
	<include name="nav_IndicatorLeft">
		<animation effect="rotate" center="auto" start="0" end="-180" time="250" tween="Quadratic" condition="ControlGroup(6000).HasFocus">Conditional</animation>
	</include>
	<include name="nav_IndicatorUp">
		<animation effect="rotate" center="auto" start="0" end="-90" time="250" tween="Quadratic" condition="ControlGroup(6000).HasFocus">Conditional</animation>
	</include>
	<!--transitions-->
	<include name="transition_Home">
		<animation type="WindowOpen">
			<effect type="Fade" time="transition_Open" start="0" end="100" tween="Cubic" easing="In" />
		</animation>
		<animation type="WindowClose">
			<effect type="Fade" time="transition_Close" start="100" end="0" tween="Cubic" easing="Out" />
		</animation>
	</include>
	<include name="transition_Background">
		<animation type="WindowOpen">
			<effect type="Fade" time="transition_Open" start="0" end="100" tween="Cubic" easing="Out" />
		</animation>
		<animation type="WindowClose">
			<effect type="Fade" time="transition_Close" start="100" end="0" tween="Cubic" easing="Out" />
		</animation>
		<animation type="Visible">
			<effect type="Fade" time="transition_Open" start="0" end="100" tween="Cubic" easing="Out" />
		</animation>
		<animation type="Hidden">
			<effect type="Fade" time="transition_Close" start="100" end="0" tween="Cubic" easing="Out" />
		</animation>
	</include>
	<include name="transition_Content">
		<animation type="WindowOpen">
			<effect type="zoom" time="transition_Open" start="110" end="100" tween="Back" easing="Out" center="screen_Center" />
			<effect type="Fade" time="transition_Open" start="0" end="100" tween="Sine" easing="In" />
		</animation>
		<animation type="WindowClose">
			<effect type="zoom" time="transition_Close" start="100" end="105" tween="Sine" easing="Out" center="screen_Center" />
			<effect type="Fade" time="transition_Close" start="100" end="0" tween="Sine" easing="Out" />
		</animation>
	</include>
	<include name="transition_Info">
		<animation type="Conditional" condition="[Window.IsActive(movieinformation) | Window.IsActive(musicinformation) | Window.IsActive(script-globalsearch-main.xml)]">
			<effect type="zoom" time="transition_Close" start="100" end="95" tween="Sine" easing="Out" center="screen_Center" />
			<effect type="Fade" time="transition_Close" start="100" end="0" tween="Sine" easing="Out" />
		</animation>
		<animation type="Conditional" condition="![Window.IsActive(movieinformation) | Window.IsActive(musicinformation) | Window.IsActive(script-globalsearch-main.xml)]">
			<effect type="zoom" time="transition_Close" start="95" end="100" tween="Sine" easing="Out" center="screen_Center" />
			<effect type="Fade" time="transition_Close" start="0" end="100" tween="Sine" easing="Out" />
		</animation>
	</include>
	<include name="transition_WindowTitle">
		<animation type="WindowOpen">
			<effect type="Fade" start="0" end="100" time="transition_Open" />
		</animation>
		<animation type="WindowClose">
			<effect type="Fade" start="100" end="0" time="transition_Close" />
		</animation>
		<animation type="Visible">
			<effect type="Fade" start="0" end="100" time="transition_Visible" />
		</animation>
		<animation type="Hidden">
			<effect type="Fade" start="100" end="0" time="transition_Hidden" />
		</animation>
		<animation type="Conditional" condition="Window.IsActive(movieinformation)">
			<effect type="Fade" start="100" end="0" time="50" delay="0" />
		</animation>
		<animation type="Conditional" condition="!Window.IsActive(movieinformation)">
			<effect type="Fade" start="0" end="100" time="150" delay="150" />
		</animation>
	</include>
	<include name="transition_Indicator">
		<animation type="WindowOpen">
			<effect type="Slide" time="transition_Open" center="auto" start="-64" end="0" easing="Out" tween="Quadratic" />
			<effect type="Fade" time="transition_Open" start="0" end="95" />
		</animation>
		<animation type="WindowClose">
			<effect type="Slide" time="transition_Close" center="auto" start="0" end="-64" easing="In" tween="Quadratic" />
			<effect type="Fade" time="transition_Close" start="95" end="0" />
		</animation>
		<animation type="Visible">
			<effect type="Fade" start="0" end="90" time="transition_Visible" />
		</animation>
		<animation type="Hidden">
			<effect type="Fade" start="90" end="0" time="transition_Hidden" />
		</animation>
		<animation type="Conditional" condition="Window.IsActive(movieinformation)" reversible="true">
			<effect type="Fade" start="100" end="0" time="50" delay="0" />
		</animation>
		<animation type="Conditional" condition="!Window.IsActive(movieinformation)" reversible="true">
			<effect type="Fade" start="0" end="100" time="150" delay="150" />
		</animation>
	</include>
	<include name="transition_Toast">
		<animation type="WindowOpen">
			<effect type="Fade" start="0" end="100" time="transition_Open" delay="150" />
		</animation>
		<animation type="WindowClose">
			<effect type="Fade" start="100" end="0" time="transition_Close" />
		</animation>
		<animation type="Visible">
			<effect type="Fade" start="0" end="100" time="transition_Visible" />
		</animation>
		<animation type="Hidden">
			<effect type="Fade" start="100" end="0" time="transition_Hidden" />
		</animation>
	</include>
	<include name="transition_OSD">
		<animation type="WindowOpen">
			<effect type="Fade" start="0" end="100" time="250" />
			<effect type="slide" start="0,85" end="0,0" time="300" tween="cubic" easing="out" />
		</animation>
		<animation type="WindowClose">
			<effect type="Fade" start="100" end="0" time="150" />
			<effect type="slide" start="0,0" end="0,85" time="300" tween="sine" easing="in" />
		</animation>
		<animation type="Visible">
			<effect type="Fade" start="0" end="100" time="250" />
		<!--<effect type="slide" start="0,85" end="0,0" time="300" tween="cubic" easing="out" />-->
		</animation>
		<animation type="Hidden">
			<effect type="Fade" start="100" end="0" time="150" />
		<!--<effect type="slide" start="0,0" end="0,85" time="300" tween="sine" easing="in" />-->
		</animation>
	</include>
	<include name="transition_Dialog">
		<animation type="WindowOpen">
			<effect type="zoom" time="transition_DialogOpen" start="90" end="100" tween="Sine" easing="Out" center="screen_Center" />
			<effect type="Fade" time="transition_DialogOpen" start="0" end="100" tween="Sine" easing="In" />
		</animation>
		<animation type="WindowClose">
			<effect type="zoom" time="transition_DialogClose" start="100" end="90" tween="Sine" easing="Out" center="screen_Center" />
			<effect type="Fade" time="transition_DialogClose" start="100" end="0" tween="Sine" easing="Out" />
		</animation>
		<animation type="Visible">
			<effect type="zoom" time="transition_DialogOpen" start="90" end="100" tween="Sine" easing="Out" center="screen_Center" />
			<effect type="Fade" time="transition_DialogOpen" start="0" end="100" tween="Sine" easing="In" />
		</animation>
		<animation type="Hidden">
			<effect type="zoom" time="transition_DialogClose" start="100" end="90" tween="Sine" easing="Out" center="screen_Center" />
			<effect type="Fade" time="transition_DialogClose" start="100" end="0" tween="Sine" easing="Out" />
		</animation>
	</include>
	<!--toggles-->
	<include name="toggle_Menu">
		<animation type="Conditional" condition="[ControlGroup(6000).HasFocus | ControlGroup(4000).HasFocus] + !Skin.HasSetting(global.kiosk) + !Window.IsActive(virtualkeyboard)" reversible="true">
			<effect type="Slide" start="0" end="270" time="350" tween="Quadratic" easing="Out" />
		</animation>
	</include>
</includes>