<?xml version="1.0" encoding="utf-8"?>
<includes>
	<!--textures-->
	<include name="dialog_Window">
		<texture border="10">dialogs/frame/menu.png</texture>
	</include>
	<include name="dialog_Separator">
		<height>1</height>
		<texture>dialogs/separator/horizontal.png</texture>
	</include>
	<include name="dialog_SectionSeparator">
		<height>2</height>
		<texture>dialogs/separator/section.png</texture>
	</include>
	<include name="dialog_Separator-y">
		<width>1</width>
		<texture>dialogs/separator/vertical.png</texture>
	</include>
	<include name="dialog_Menu">
		<texture border="20">dialogs/frame/menu.png</texture>
	</include>
	<!--window-->
	<include name="dialog_Windowtitle">
		<left>4</left>
		<top>5</top>
		<font>light_30</font>
		<align>center</align>
		<aligny>center</aligny>
		<height>51</height>
		<textcolor>Color5</textcolor>
		<scroll>false</scroll>
	</include>
	<include name="dialog_WindowButton">
		<width>120</width>
		<height>41</height>
		<font>regular_20</font>
		<align>center</align>
		<textoffsety>5</textoffsety>
		<textcolor>Color5</textcolor>
		<focusedcolor>Color1</focusedcolor>
		<texturenofocus>dialogs/button-nf.png</texturenofocus>
		<texturefocus>dialogs/button-fo.png</texturefocus>
	</include>
	<!--global-->
	<include name="dialog_ControlCommons">
		<height>40</height>
		<font>regular_20</font>
		<textoffsetx>15</textoffsetx>
		<textoffsety>5</textoffsety>
		<textcolor>Color5</textcolor>
		<focusedcolor>Color1</focusedcolor>
		<selectedcolor>Selected</selectedcolor>
		<texturefocus border="3">dialogs/select-fo.png</texturefocus>
		<texturenofocus border="3">dialogs/select-nf.png</texturenofocus>
		<alttexturefocus border="3">dialogs/select-fo.png</alttexturefocus>
		<alttexturenofocus border="3">dialogs/select-nf.png</alttexturenofocus>
	</include>
	<include name="dialog_MenuButton">
		<height>40</height>
		<font>regular_24</font>
		<textoffsetx>15</textoffsetx>
		<textoffsety>5</textoffsety>
		<textcolor>Color5</textcolor>
		<focusedcolor>Color1</focusedcolor>
		<selectedcolor>Selected</selectedcolor>
		<texturefocus border="20,0,20,0">dialogs/frame/menu_select.png</texturefocus>
		<texturenofocus border="20,0,20,0">dialogs/frame/menu_center.png</texturenofocus>
		<alttexturefocus border="20,0,20,0">dialogs/frame/menu_select.png</alttexturefocus>
		<alttexturenofocus border="20,0,20,0">dialogs/frame/menu_center.png</alttexturenofocus>
	</include>
	<include name="dialog_ShutdownButton">
		<height>50</height>
		<width>352</width>
		<align>center</align>
		<aligny>center</aligny>
		<font>condensed_36-U</font>
		<textcolor>Color5</textcolor>
		<focusedcolor>Color8</focusedcolor>
		<selectedcolor>Selected</selectedcolor>
		<texturefocus colordiffuse="base1_80">white.png</texturefocus>
		<texturenofocus colordiffuse="white_80">white.png</texturenofocus>
	</include>
	<include name="dialog_Text">
		<font>regular_20</font>
		<textcolor>Color5</textcolor>
	</include>
	<include name="dialog_Edit">
		<height>40</height>
		<font>regular_20</font>
		<textoffsetx>15</textoffsetx>
		<textoffsety>5</textoffsety>
		<textcolor>Color5</textcolor>
	</include>
	<include name="dialog_Header">
		<font>regular_20-U</font>
	</include>
	<include name="dialog_Title">
		<font>semibold_20-U</font>
	</include>
	<include name="dialog_Progress">
		<texturebg border="16,0,16,0" colordiffuse="Color5">dialogs/progress/back.png</texturebg>
		<lefttexture border="16,0,0,0" colordiffuse="Color8">dialogs/progress/left.png</lefttexture>
		<righttexture border="0,0,16,0" colordiffuse="Color8">dialogs/progress/right.png</righttexture>
		<midtexture border="0,0,0,0" colordiffuse="Color8">dialogs/progress/mid.png</midtexture>
	</include>
	<include name="dialog_KeyboardButton">
		<font>regular_20</font>
		<texturenofocus border="0">dialogs/button-nf.png</texturenofocus>
		<texturefocus border="0">dialogs/button-fo.png</texturefocus>
		<textcolor>Color5</textcolor>
		<focusedcolor>Color1</focusedcolor>
		<width>48</width>
		<height>48</height>
		<align>center</align>
		<textoffsety>9</textoffsety>
	</include>
	<include name="dialog_Radio">
		<height>40</height>
		<font>regular_20</font>
		<textoffsetx>15</textoffsetx>
		<textoffsety>5</textoffsety>
		<radiowidth>48</radiowidth>
		<radioheight>24</radioheight>
		<textureradioonnofocus colordiffuse="Color4">dialogs/radio/on.png</textureradioonnofocus>
		<textureradiooffnofocus colordiffuse="Color4">dialogs/radio/off.png</textureradiooffnofocus>
		<textureradioonfocus colordiffuse="Color1">dialogs/radio/on.png</textureradioonfocus>
		<textureradioofffocus colordiffuse="Color1">dialogs/radio/off.png</textureradioofffocus>
		<texturefocus border="3">dialogs/select-fo.png</texturefocus>
		<texturenofocus border="3">dialogs/select-nf.png</texturenofocus>
		<textcolor>Color5</textcolor>
		<focusedcolor>Color1</focusedcolor>
		<disabledcolor>Disabled</disabledcolor>
		<selectedcolor>Selected</selectedcolor>
	</include>
	<include name="dialog_Spin">
		<textoffsety>-2</textoffsety>
		<aligny>center</aligny>
		<spinwidth>26</spinwidth>
		<spinheight>26</spinheight>
		<texturefocus border="3">dialogs/select-fo.png</texturefocus>
		<texturenofocus border="3">dialogs/select-nf.png</texturenofocus>
		<textureup colordiffuse="Color4">dialogs/spin/spin-up.png</textureup>
		<texturedown colordiffuse="Color4">dialogs/spin/spin-down.png</texturedown>
		<textureupfocus>dialogs/spin/spin-up.png</textureupfocus>
		<texturedownfocus>dialogs/spin/spin-down.png</texturedownfocus>
	</include>
	<include name="dialog_Slider">
		<sliderwidth>125</sliderwidth>
		<sliderheight>32</sliderheight>
		<texturesliderbar>dialogs/slider/bar.png</texturesliderbar>
		<textureslidernib>dialogs/slider/nib-nf.png</textureslidernib>
		<textureslidernibfocus>dialogs/slider/nib-fo.png</textureslidernibfocus>
	</include>
	<!--list controls-->
	<include name="dialog_CommonListItem">
		<left>15</left>
		<height>40</height>
		<font>regular_20</font>
		<aligny>center</aligny>
		<textcolor>Color5</textcolor>
		<selectedcolor>Selected</selectedcolor>
	</include>
	<include name="dialog_CommonListItemFocus">
		<left>15</left>
		<height>40</height>
		<font>regular_20</font>
		<aligny>center</aligny>
		<textcolor>Color1</textcolor>
		<selectedcolor>Selected</selectedcolor>
		<include>autoscroll_Line</include>
	</include>
	<include name="dialog_CommonList">
		<height>40</height>
		<texture border="3">dialogs/select-nf.png</texture>
	</include>
	<include name="dialog_CommonListFocus">
		<height>40</height>
		<texture border="3">dialogs/select-fo.png</texture>
	</include>
	<!--filebrowser-->
	<include name="dialog_Inline-remove">
		<width>40</width>
		<height>40</height>
		<texturenofocus colordiffuse="Color4">dialogs/inline/remove-nf.png</texturenofocus>
		<texturefocus colordiffuse="Color5">dialogs/inline/remove-fo.png</texturefocus>
	</include>
	<include name="dialog_Inline-add">
		<width>40</width>
		<height>40</height>
		<texturenofocus colordiffuse="Color4">dialogs/inline/add-nf.png</texturenofocus>
		<texturefocus colordiffuse="Color5">dialogs/inline/add-fo.png</texturefocus>
	</include>
	<include name="dialog_Inline-edit">
		<width>40</width>
		<height>40</height>
		<texturenofocus colordiffuse="Color4">dialogs/inline/edit-nf.png</texturenofocus>
		<texturefocus colordiffuse="Color5">dialogs/inline/edit-fo.png</texturefocus>
	</include>
	<include name="dialog_Inline-up">
		<width>40</width>
		<height>40</height>
		<texturenofocus colordiffuse="Color4">dialogs/inline/up-nf.png</texturenofocus>
		<texturefocus colordiffuse="Color5">dialogs/inline/up-fo.png</texturefocus>
	</include>
	<include name="dialog_Inline-down">
		<width>40</width>
		<height>40</height>
		<texturenofocus colordiffuse="Color4">dialogs/inline/down-nf.png</texturenofocus>
		<texturefocus colordiffuse="Color5">dialogs/inline/down-fo.png</texturefocus>
	</include>
</includes>