<?xml version="1.0" encoding="UTF-8"?>
<includes>
	<include file="Defaults.xml" />
	<include file="HomeMenu.xml" />
<!--	<include file="HomeWidgets.xml" />-->
	<include file="LeftMenu.xml" />
	<include file="IncludesAnimations.xml" />
	<include file="IncludesDialogs.xml" />
	<include file="Viewtype50_List.xml" />
	<include file="Viewtype51_Biglist.xml" />
	<include file="Viewtype52_Slide.xml" />
	<include file="Viewtype53_Gallery.xml" />
	<include file="Viewtype54_BannerList.xml" />
	<include file="Viewtype55_RightList.xml" />
	<include file="Viewtype56_SimplePoster.xml" />
	<include file="Viewtype57_Icon.xml" />
	<include file="Viewtype58_PosterWall.xml" />
	<include file="Variables.xml" />
	<include file="script-skinshortcuts-includes.xml" />
	<!--CONSTANTS-->
	<constant name="screen_Width">1280</constant>
	<constant name="screen_Height">720</constant>
	<constant name="screen_Center">640,360</constant>
	<constant name="screen_Centerx">640</constant>
	<constant name="screen_Centery">360</constant>
	<constant name="fadetime_Thumb">200</constant>
	<constant name="fadetime_Fanart">300</constant>
	<constant name="fadetime_Slideshow">900</constant>
	<constant name="transition_Open">300</constant>
	<constant name="transition_Close">200</constant>
	<constant name="transition_Visible">50</constant>
	<constant name="transition_Hidden">50</constant>
	<constant name="transition_Opacity">95</constant>
	<constant name="transition_DialogOpen">200</constant>
	<constant name="transition_DialogClose">200</constant>
	<constant name="slideshow_Timer">20000</constant>
	<constant name="autoscroll_Delay">10000</constant>
	<constant name="autoscroll_Time">3300</constant>
	<constant name="autoscroll_Repeat">10000</constant>
	<constant name="autoscroll_Speed">40</constant>
	<!--GLOBAL-->
	<include name="TriggerButton">
		<width>1</width>
		<height>1</height>
		<texturenofocus>-</texturenofocus>
		<texturefocus>-</texturefocus>
		<visible allowhiddenfocus="true">false</visible>
	</include>
	<include name="global_ListScroll">
		<scrolltime tween="Quadratic" easing="Out">300</scrolltime>
	</include>
	<include name="global_Scrolltime">
		<scrolltime tween="Quadratic" easing="Out">400</scrolltime>
	</include>
	<include name="autoscroll_Line">
		<scroll>true</scroll>
		<scrollspeed>autoscroll_Speed</scrollspeed>
	</include>
	<include name="screen_Dimensions">
		<width>screen_Width</width>
		<height>screen_Height</height>
	</include>
	<include name="global_Includes">
		<include>global_Sortletter</include>
		<include>global_Itemcount</include>
		<include>global_Clock</include>
	</include>
	<include name="global_Sortletter">
		<control type="label" id="9900">
			<left>30</left>
			<top>10</top>
			<width>950</width>
			<aligny>center</aligny>
			<font>light_38</font>
			<textcolor>Color1</textcolor>
			<label>[B]$INFO[ListItem.SortLetter][/B]</label>
			<include>transition_WindowTitle</include>
			<include>toggle_Menu</include>
			<visible>Skin.HasSetting(sortletter.enable) + Container.Scrolling + [StringCompare(Container.SortMethod,$LOCALIZE[551]) | StringCompare(Container.SortMethod,$LOCALIZE[561]) | StringCompare(Container.SortMethod,$LOCALIZE[558]) | StringCompare(Container.SortMethod,$LOCALIZE[557]) | StringCompare(Container.SortMethod,$LOCALIZE[556])] + !Window.IsActive(script-globalsearch-main.xml)</visible>
		</control>
	</include>
	<include name="global_Itemcount">
		<control type="label">
			<left>60</left>
			<top>45</top>
			<width>500</width>
			<label>$VAR[global_Itemcount]</label>
			<font>regular_20-U</font>
			<textcolor>Color2</textcolor>
			<include>transition_WindowTitle</include>
			<include>toggle_Menu</include>
		</control>
	</include>
	<include name="global_Clock">
		<control type="group">
			<animation type="Conditional" condition="Player.HasAudio | Player.HasVideo | Window.IsActive(DialogMuteBug.xml)" reversible="true">
				<effect type="Slide" start="0" end="-40" time="350" tween="Quadratic" easing="Out" />
			</animation>
			<visible>![Window.IsActive(MusicOverlay.xml) | Window.IsActive(VideoOverlay.xml) | Window.IsActive(DialogVideoInfo.xml)]</visible>
			<control type="label">
				<right>20</right>
				<posy>10</posy>
				<width>350</width>
				<font>light_30</font>
				<align>right</align>
				<aligny>center</aligny>
				<textcolor>Color8</textcolor>
				<shadowcolor>Color5</shadowcolor>
				<label>[B]$INFO[System.Time(hh:mm)][/B]</label>
			</control>
			<control type="label">
				<right>20</right>
				<posy>40</posy>
				<width>350</width>
				<font>regular_20-U</font>
				<align>right</align>
				<aligny>center</aligny>
				<textcolor>Color2</textcolor>
				<shadowcolor>Color5</shadowcolor>
				<label>$INFO[System.Date(DDD)] $INFO[System.Date(d)] $INFO[System.Date(MMM)]</label>
				<visible>Window.IsActive(home) | !Player.HasAudio | !Player.HasVideo</visible>
			</control>
		</control>
	</include>
	<include name="global_MenuGuide">
		<control type="group" id="6100">
			<left>20</left>
			<top>10</top>
			<include>toggle_Menu</include>
			<visible>!Skin.HasSetting(global.kiosk) + [Window.IsActive(SettingsCategory.xml) | Window.IsActive(programs) | Window.IsActive(weather) | Window.IsActive(musicplaylist) | Window.IsActive(videoplaylist) | Window.IsActive(addonbrowser) | Window.IsActive(videolibrary) | Window.IsActive(musiclibrary) | Window.IsActive(musicfiles) | Window.IsActive(pictures) | Window.IsActive(600)] + !Control.IsVisible(9900)</visible>
			<include>transition_Indicator</include>
			<control type="image">
				<width>32</width>
				<height>32</height>
				<texture>navigation/left.png</texture>
				<visible>[Control.IsVisible(50) | Control.IsVisible(51) | Control.IsVisible(54) | Control.IsVisible(55) | Control.IsVisible(57) | Control.IsVisible(571) | Control.IsVisible(572) | Control.IsVisible(574) | Control.IsVisible(58) | Window.IsActive(weather) | Window.IsActive(pvr) | Window.IsActive(600) | Window.IsActive(SettingsCategory.xml)] + ![Window.IsActive(movieinformation) | Window.IsActive(musicinformation)]</visible>
				<include>nav_IndicatorLeft</include>
			</control>
			<control type="image">
				<width>32</width>
				<height>32</height>
				<texture>navigation/up.png</texture>
				<visible>[Control.IsVisible(52) | Control.IsVisible(53) | Control.IsVisible(56)] + ![Window.IsActive(movieinformation) | Window.IsActive(musicinformation)] + !Window.IsActive(weather)</visible>
				<include>nav_IndicatorUp</include>
			</control>
		</control>
	</include>
	<!--NOTIFICATIONS-->
	<include name="toast_Top">
		<right>70</right>
		<top>5</top>
		<width>500</width>
		<height>40</height>
		<font>light_30</font>
		<align>right</align>
		<aligny>center</aligny>
		<textcolor>Color8</textcolor>
		<include>transition_Toast</include>
	</include>
	<include name="toast_Bottom">
		<right>70</right>
		<top>40</top>
		<width>500</width>
		<align>right</align>
		<font>regular_20</font>
		<aligny>center</aligny>
		<textcolor>Color2</textcolor>
		<scroll>false</scroll>
		<pauseatend>2000</pauseatend>
		<include>transition_Toast</include>
	</include>
	<include name="toast_Icon">
		<right>15</right>
		<top>15</top>
		<width>40</width>
		<height>40</height>
		<aspectratio>keep</aspectratio>
		<colordiffuse>Color8</colordiffuse>
		<include>transition_Toast</include>
	</include>
	<!--DETAILS-->
	<include name="detail_Header">
		<height>32</height>
		<font>light_38</font>
	</include>
	<include name="detail_Title">
		<height>28</height>
		<aligny>center</aligny>
		<font>semibold_22-U</font>
		<textcolor>Color1</textcolor>
		<selectedcolor>Selected</selectedcolor>
	</include>
	<include name="detail_Sub">
		<height>25</height>
		<aligny>center</aligny>
		<font>semibold_20-U</font>
		<textcolor>Color2</textcolor>
		<selectedcolor>Selected</selectedcolor>
		<visible>!StringCompare(ListItem.Label,..)</visible>
	</include>
	<include name="detail_Text">
		<textcolor>Color3</textcolor>
		<font>regular_20</font>
		<aligny>top</aligny>
		<!--	<autoscroll delay="autoscroll_Delay" time="autoscroll_Time" repeat="autoscroll_Repeat">Skin.HasSetting(autoscroll.enable)</autoscroll> -->
		<!-- use a numeric value for repeat here, change into constant again when xbmc bug is fixed-->
		<autoscroll delay="autoscroll_Delay" time="autoscroll_Time" repeat="1000">Skin.HasSetting(autoscroll.enable)</autoscroll>
	</include>
	<!--CONTAINER-->
	<include name="container_Title">
		<height>40</height>
		<font>regular_26</font>
		<aligny>center</aligny>
		<textcolor>Color1</textcolor>
		<selectedcolor>Selected</selectedcolor>
		<scroll>false</scroll>
	</include>
	<include name="container_Title-focus">
		<height>40</height>
		<font>regular_26</font>
		<aligny>center</aligny>
		<textcolor>Color5</textcolor>
		<selectedcolor>Color5</selectedcolor>
		<scroll>false</scroll>
	</include>
	<include name="container_Sub">
		<height>40</height>
		<font>regular_20-U</font>
		<aligny>center</aligny>
		<textcolor>Color2</textcolor>
		<selectedcolor>Selected</selectedcolor>
		<scroll>false</scroll>
	</include>
	<include name="container_Sub-focus">
		<height>40</height>
		<font>regular_20-U</font>
		<aligny>center</aligny>
		<textcolor>ff0c2c40</textcolor>
		<selectedcolor>Focused</selectedcolor>
	</include>
	<include name="container_Text">
		<font>regular_20</font>
		<aligny>top</aligny>
		<textcolor>Color3</textcolor>
	</include>
	<include name="container_Text-focus">
		<font>regular_20</font>
		<aligny>top</aligny>
		<textcolor>Color5</textcolor>
		<autoscroll delay="autoscroll_Delay" time="autoscroll_Time" repeat="autoscroll_Repeat">Skin.HasSetting(autoscroll.enable)</autoscroll>
	</include>
	<include name="container_Single">
		<height>38</height>
		<font>regular_22</font>
		<aligny>center</aligny>
		<textcolor>Color1</textcolor>
		<selectedcolor>Selected</selectedcolor>
		<scroll>false</scroll>
	</include>
	<include name="container_Single-focus">
		<height>38</height>
		<font>regular_22</font>
		<aligny>center</aligny>
		<textcolor>Color5</textcolor>
		<selectedcolor>Selected</selectedcolor>
		<scroll>false</scroll>
	</include>
	<!--COLUMN STYLES-->
	<include name="column_Header">
		<height>20</height>
		<font>light_28</font>
		<textcolor>Color2</textcolor>
		<aligny>center</aligny>
	</include>
	<include name="column_CommonList">
		<width>98</width>
		<height>44</height>
		<texture colordiffuse="Color6">white.png</texture>
	</include>
	<include name="column_CommonListFocus">
		<width>98</width>
		<height>44</height>
		<texture colordiffuse="Color1">views/focus.png</texture>
	</include>
	<include name="column_CommonListItem">
		<height>40</height>
		<font>regular_20</font>
		<textcolor>Color1</textcolor>
		<selectedcolor>Selected</selectedcolor>
	</include>
	<include name="column_CommonListItem-focus">
		<height>40</height>
		<font>regular_20</font>
		<textcolor>Color5</textcolor>
		<selectedcolor>Selected</selectedcolor>
	</include>
	<include name="column_Button">
		<width>125</width>
		<font>regular_20</font>
		<align>center</align>
		<textoffsety>4</textoffsety>
		<textcolor>Color3</textcolor>
		<focusedcolor>Color5</focusedcolor>
		<selectedcolor>Color5</selectedcolor>
		<texturenofocus colordiffuse="Color6">white.png</texturenofocus>
		<texturefocus colordiffuse="Color1">white.png</texturefocus>
	</include>
	<include name="column_ListButton">
		<height>42</height>
		<texture colordiffuse="Color6">white.png</texture>
	</include>
	<include name="column_ListButtonFocus">
		<height>42</height>
		<texture colordiffuse="Color1">white.png</texture>
	</include>
	<include name="column_ListButtonLabel">
		<font>regular_20</font>
		<height>40</height>
		<textoffsety>4</textoffsety>
		<textcolor>Color3</textcolor>
		<focusedcolor>Color1</focusedcolor>
		<selectedcolor>Color5</selectedcolor>
	</include>
	<!--SETTINGS-->
	<include name="settings_Menu">
		<width>300</width>
		<height>44</height>
		<font>light_24</font>
		<align>left</align>
		<textoffsety>3</textoffsety>
		<textoffsetx>15</textoffsetx>
		<textcolor>Color1</textcolor>
		<texturenofocus colordiffuse="Color6">views/focus.png</texturenofocus>
		<texturefocus colordiffuse="Color1">views/focus.png</texturefocus>
		<alttexturenofocus colordiffuse="Color6">views/focus.png</alttexturenofocus>
		<alttexturefocus colordiffuse="Color1">views/focus.png</alttexturefocus>
	</include>
	<include name="settings_Listbutton">
		<width>850</width>
		<height>44</height>
		<font>regular_20</font>
		<textoffsetx>15</textoffsetx>
		<textoffsety>7</textoffsety>
		<textcolor>Color1</textcolor>
		<focusedcolor>Focused</focusedcolor>
		<texturenofocus colordiffuse="Color6">views/focus.png</texturenofocus>
		<texturefocus colordiffuse="Color1">views/focus.png</texturefocus>
		<radioheight>30</radioheight>
		<radiowidth>30</radiowidth>
	</include>
	<include name="settings_Radiobutton">
		<width>850</width>
		<height>44</height>
		<font>regular_20</font>
		<textoffsetx>15</textoffsetx>
		<textoffsety>7</textoffsety>
		<textcolor>Color1</textcolor>
		<focusedcolor>Focused</focusedcolor>
		<texturenofocus colordiffuse="Color6">views/focus.png</texturenofocus>
		<texturefocus colordiffuse="Color1">views/focus.png</texturefocus>
		<textureradioonnofocus colordiffuse="Color3">dialogs/radio/on.png</textureradioonnofocus>
		<textureradiooffnofocus colordiffuse="Color3">dialogs/radio/off.png</textureradiooffnofocus>
		<textureradioonfocus colordiffuse="Color5">dialogs/radio/on.png</textureradioonfocus>
		<textureradioofffocus colordiffuse="Color5">dialogs/radio/off.png</textureradioofffocus>
		<radiowidth>40</radiowidth>
		<radioheight>28</radioheight>
		<disabledcolor>Disabled</disabledcolor>
	</include>
	<!--PAGECONTROLS-->
	<include name="PageControls">
		<!--vertical-->
		<control type="scrollbar" id="70">
			<left>1270</left>
			<height>screen_Height</height>
			<onleft condition="Window.IsActive(SettingsCategory.xml)">5</onleft>
			<onleft condition="!Window.IsActive(videoplaylist)">50</onleft>
			<onleft condition="Window.IsActive(videoplaylist)">99</onleft>
			<visible>![Control.IsVisible(52) | Control.IsVisible(53) | Control.IsVisible(56)] + ![Window.IsActive(movieinformation) | Window.IsActive(musicinformation)]</visible>
		</control>
		<!--horizontal-->
		<control type="scrollbar" id="71">
			<top>710</top>
			<width>screen_Width</width>
			<onup condition="Control.IsVisible(52)">52</onup>
			<onup condition="Control.IsVisible(53)">53</onup>
			<onup condition="Control.IsVisible(56)">56</onup>
			<orientation>horizontal</orientation>
			<visible>[Control.IsVisible(52) | Control.IsVisible(53) | Control.IsVisible(56)] + ![Window.IsActive(movieinformation) | Window.IsActive(musicinformation)]</visible>
		</control>
	</include>
	<!--ART-->
	<include name="art_Frame-nf">
		<texture border="0">dialogs/frame/frame-nf.png</texture>
		<aspectratio>stretch</aspectratio>
	</include>
	<include name="art_Frame-fo">
		<texture border="0">dialogs/frame/frame-fo.png</texture>
		<aspectratio>stretch</aspectratio>
	</include>
	<!-- BACKGROUNDS -->
	<include name="global_Background">
		<control type="group">
			<include>transition_Background</include>
			<!--fanart in background folder-->
			<control type="image">
				<include>screen_Dimensions</include>
				<include>toggle_Menu</include>
				<texture background="true">$VAR[global_Background]</texture>
				<visible>!Skin.HasSetting(fanart.global) + IsEmpty(ListItem.Property(Fanart_Image)) + ![Player.HasVideo + Skin.HasSetting(backgroundvideo.global)]</visible>
				<fadetime>fadetime_Fanart</fadetime>
			</control>
			<!--fanart image in listitem-->
			<control type="image">
				<include>screen_Dimensions</include>
				<include>toggle_Menu</include>
				<texture background="true">$VAR[video_BgType]</texture>
				<visible>!Skin.HasSetting(fanart.global) + !IsEmpty(ListItem.Property(Fanart_Image)) + ![Player.HasVideo + Skin.HasSetting(backgroundvideo.global)]</visible>
				<include>fadeinout</include>
				<fadetime>fadetime_Fanart</fadetime>
			</control>
			<!--use the fanart image of the first real item in the list as a fallback for the "parent folder" entry. seasons and episodes level only.-->
			<control type="image">
				<include>screen_Dimensions</include>
				<include>toggle_Menu</include>
				<texture background="true">$INFO[Container().ListItem(1).Property(Fanart_Image)]</texture>
				<visible>StringCompare(Listitem.Icon,DefaultFolderBack.png) + [Container.Content(seasons) | Container.Content(episodes)] + !Skin.HasSetting(fanart.global) + ![Player.HasVideo + Skin.HasSetting(backgroundvideo.global)]</visible>
				<fadetime>fadetime_Fanart</fadetime>
			</control>
			<!--playing video background-->
			<control type="group">
				<visible>Skin.HasSetting(backgroundvideo.global) + Player.HasVideo + !Window.IsActive(weather)</visible>
				<control type="image">
					<aspectratio>stretch</aspectratio>
					<include>screen_Dimensions</include>
					<texture>black.png</texture>
				</control>
				<control type="videowindow">
					<include>screen_Dimensions</include>
					<visible>!Window.IsActive(pictures)</visible>
				</control>
			</control>
		</control>
		<!--base color overlay-->
		<control type="image">
			<aspectratio>scale</aspectratio>
			<include>screen_Dimensions</include>
			<texture background="true" colordiffuse="$VAR[video_AlphaType]">base_color.png</texture>
			<visible>![Window.IsActive(Visualisation) | Window.IsActive(Weather)]</visible>
		</control>
	</include>
	<include name="home_Slideshow">
		<include>screen_Dimensions</include>
		<aspectratio align="center" aligny="center">scale</aspectratio>
		<randomize>true</randomize>
		<loop>yes</loop>
		<timeperimage>slideshow_Timer</timeperimage>
		<fadetime>fadetime_Slideshow</fadetime>
	</include>
	<!--PLAYER CONTROLS-->
	<include name="player_Button">
		<width>48</width>
		<height>48</height>
	</include>
	<include name="player_Controls-commons">
		<control type="image">
			<width>322</width>
			<height>60</height>
			<texture border="20,0,20,1">dialogs/frame/menu_player.png</texture>
		</control>
		<control type="grouplist" id="700">
			<left>7</left>
			<top>8</top>
			<onup>613</onup>
			<ondown>601</ondown>
			<itemgap>4</itemgap>
			<orientation>horizontal</orientation>
			<!--channel down-->
			<control type="button" id="701">
				<texturefocus>player/down-fo.png</texturefocus>
				<texturenofocus>player/down-nf.png</texturenofocus>
				<include>player_Button</include>
				<onclick>ChannelDown</onclick>
				<visible>VideoPlayer.Content(LiveTV)</visible>
			</control>
			<!--channel up-->
			<control type="button" id="702">
				<texturefocus>player/up-fo.png</texturefocus>
				<texturenofocus>player/up-nf.png</texturenofocus>
				<include>player_Button</include>
				<onclick>ChannelUp</onclick>
				<visible>VideoPlayer.Content(LiveTV)</visible>
			</control>
			<!--previous-->
			<control type="button" id="703">
				<texturefocus>player/prev-fo.png</texturefocus>
				<texturenofocus>player/prev-nf.png</texturenofocus>
				<include>player_Button</include>
				<onclick>PlayerControl(Previous)</onclick>
				<visible>!VideoPlayer.Content(LiveTV)</visible>
			</control>
			<!--rewind-->
			<control type="button" id="704">
				<texturefocus>player/rwd-fo.png</texturefocus>
				<texturenofocus>player/rwd-nf.png</texturenofocus>
				<include>player_Button</include>
				<onclick>PlayerControl(Rewind)</onclick>
				<enable>Player.SeekEnabled</enable>
				<animation effect="fade" start="100" end="50" time="0" condition="!Player.SeekEnabled">Conditional</animation>
			</control>
			<!--pause-->
			<control type="togglebutton" id="705">
				<texturenofocus>player/pause-nf.png</texturenofocus>
				<texturefocus>player/pause-fo.png</texturefocus>
				<alttexturenofocus>player/play-nf.png</alttexturenofocus>
				<alttexturefocus>player/play-fo.png</alttexturefocus>
				<usealttexture>Player.Paused | Player.Forwarding | Player.Rewinding</usealttexture>
				<include>player_Button</include>
				<onclick>PlayerControl(Play)</onclick>
				<visible>!VideoPlayer.Content(LiveTV)</visible>
				<enable>Player.PauseEnabled</enable>
			</control>
			<!--stop-->
			<control type="button" id="706">
				<texturefocus>player/stop-fo.png</texturefocus>
				<texturenofocus>player/stop-nf.png</texturenofocus>
				<include>player_Button</include>
				<onclick>PlayerControl(Stop)</onclick>
			</control>
			<!--forward-->
			<control type="button" id="707">
				<texturefocus>player/fwd-fo.png</texturefocus>
				<texturenofocus>player/fwd-nf.png</texturenofocus>
				<include>player_Button</include>
				<onclick>PlayerControl(Forward)</onclick>
				<enable>Player.SeekEnabled</enable>
				<animation effect="fade" start="100" end="50" time="0" condition="!Player.SeekEnabled">Conditional</animation>
			</control>
			<!--next-->
			<control type="button" id="708">
				<texturefocus>player/next-fo.png</texturefocus>
				<texturenofocus>player/next-nf.png</texturenofocus>
				<include>player_Button</include>
				<onclick>PlayerControl(Next)</onclick>
				<visible>!VideoPlayer.Content(LiveTV)</visible>
			</control>
		</control>
	</include>
	<!--OSD / SLIDESHOW-->
	<include name="osd_Seekbar">
		<control type="group">
			<top>680</top>
			<control type="image">
				<width>screen_Width</width>
				<height>40</height>
				<texture>white.png</texture>
				<colordiffuse>base2_cc</colordiffuse>
			</control>
			<control type="group">
				<left>150</left>
				<top>5</top>
				<!--cache progress-->
				<control type="progress" id="12">
					<width>980</width>
					<height>32</height>
					<info>Player.ProgressCache</info>
					<texturebg colordiffuse="Color4">player/progress_Background.png</texturebg>
					<lefttexture>-</lefttexture>
					<midtexture colordiffuse="Color8">player/progress_Background.png</midtexture>
					<righttexture>-</righttexture>
				</control>
				<control type="slider">
					<width>980</width>
					<height>32</height>
					<sliderwidth>125</sliderwidth>
					<sliderheight>32</sliderheight>
					<texturesliderbar>player/progress_Opaque.png</texturesliderbar>
					<textureslidernib colordiffuse="Color1">player/progress_Slider.png</textureslidernib>
					<textureslidernibfocus colordiffuse="Color8">player/progress_Slider.png</textureslidernibfocus>
					<info>Player.Progress</info>
					<action>seek</action>
				</control>
			</control>
			<control type="group">
				<left>10</left>
				<top>5</top>
				<control type="label">
					<left>10</left>
					<width>100</width>
					<label>$INFO[Player.Time(hh:mm:ss)]</label>
					<textcolor>Color1</textcolor>
					<include>detail_Sub</include>
				</control>
				<control type="label">
					<right>20</right>
					<width>200</width>
					<label>$INFO[Player.Duration(hh:mm:ss)]</label>
					<align>right</align>
					<textcolor>Color1</textcolor>
					<include>detail_Sub</include>
				</control>
			</control>
		</control>
	</include>
	<include name="osd_Music">
		<control type="group">
			<top>545</top>
			<include>transition_OSD</include>
			<visible>[Player.ShowInfo | Window.IsActive(MusicOSD)] + ![Window.IsVisible(AddonSettings) | Window.IsVisible(SelectDialog) | Window.IsVisible(VisualisationPresetList)]</visible>
			<control type="image">
				<width>screen_Width</width>
				<height>135</height>
				<texture>white.png</texture>
				<colordiffuse>base2_cc</colordiffuse>
			</control>
			<control type="group">
				<left>10</left>
				<top>10</top>
				<control type="image">
					<width>110</width>
					<height>110</height>
					<include>art_Frame-nf</include>
				</control>
				<control type="group">
					<left>5</left>
					<top>5</top>
					<control type="image">
						<width>100</width>
						<height>100</height>
						<texture fallback="DefaultAudio.png">$VAR[osd_Art]</texture>
						<aspectratio align="center" aligny="center">scale</aspectratio>
					</control>
					<control type="image">
						<width>100</width>
						<height>100</height>
						<aspectratio align="center" aligny="center">stretch</aspectratio>
						<texture colordiffuse="base2_cc">player/pause-fo.png</texture>
						<visible>Player.Paused</visible>
					</control>
				</control>
				<control type="group">
					<left>140</left>
					<top>5</top>
					<control type="label">
						<width>1025</width>
						<label>$VAR[osd_Title]</label>
						<font>semibold_30-U</font>
						<textcolor>Color8</textcolor>
					</control>
					<control type="label">
						<top>45</top>
						<width>1025</width>
						<label>$INFO[MusicPlayer.Artist]$INFO[MusicPlayer.Album, • ]$INFO[MusicPlayer.Year, • ]</label>
						<textcolor>Color3</textcolor>
						<include>detail_Sub</include>
					</control>
					<control type="label">
						<top>80</top>
						<width>1025</width>
						<label>[COLOR=Color2]$LOCALIZE[209]: [/COLOR]$INFO[MusicPlayer.Offset(1).Title, - ] ($INFO[MusicPlayer.PlaylistPosition,]$INFO[MusicPlayer.PlaylistLength,/])</label>
						<textcolor>Color3</textcolor>
						<include>detail_Sub</include>
						<visible>MusicPlayer.HasNext</visible>
					</control>
				</control>
			</control>
		</control>
	</include>
	<include name="osd_Video">
		<control type="group">
			<top>570</top>
			<control type="image">
				<width>screen_Width</width>
				<height>110</height>
				<texture>white.png</texture>
				<colordiffuse>base2_cc</colordiffuse>
			</control>
			<control type="group">
				<left>10</left>
				<top>-45</top>
				<control type="image">
					<width>104</width>
					<height>154</height>
					<include>art_Frame-fo</include>
					<colordiffuse>Color8</colordiffuse>
					<visible>VideoPlayer.Content(movies) | VideoPlayer.Content(episodes)</visible>
				</control>
				<control type="image">
					<left>2</left>
					<top>2</top>
					<width>100</width>
					<height>150</height>
					<texture>$VAR[osd_Art]</texture>
					<aspectratio align="center" aligny="center">scale</aspectratio>
					<visible>Player.HasVideo + !Player.IsInternetStream</visible>
				</control>
				<!--for streams-->
				<control type="image">
					<left>2</left>
					<top>52</top>
					<width>100</width>
					<height>100</height>
					<texture>thumbs/default_Filevideo.png</texture>
					<aspectratio align="center" aligny="center">scale</aspectratio>
					<visible>Player.HasVideo + Player.IsInternetStream</visible>
				</control>
				<control type="image">
					<left>2</left>
					<top>2</top>
					<width>100</width>
					<height>150</height>
					<aspectratio align="center" aligny="center">stretch</aspectratio>
					<texture colordiffuse="base2_cc">player/pause2-fo.png</texture>
					<visible>Player.Paused + !Player.IsInternetStream</visible>
				</control>
				<!--for streams-->
				<control type="image">
					<left>2</left>
					<top>52</top>
					<width>100</width>
					<height>100</height>
					<aspectratio align="center" aligny="center">stretch</aspectratio>
					<texture colordiffuse="base2_cc">player/pause-fo.png</texture>
					<visible>Player.Paused + Player.IsInternetStream</visible>
				</control>
			</control>
			<control type="group">
				<left>140</left>
				<top>15</top>
				<control type="label">
					<width>1000</width>
					<label>$VAR[osd_Title]</label>
					<font>semibold_35-U</font>
					<textcolor>Color8</textcolor>
				</control>
				<control type="label">
					<top>55</top>
					<width>800</width>
					<label>$VAR[osd_Info]</label>
					<include>detail_Sub</include>
					<visible>Player.HasVideo + !Player.IsInternetStream</visible>
				</control>
				<control type="label">
					<top>55</top>
					<width>800</width>
					<label>31035</label>
					<include>detail_Sub</include>
					<visible>Player.HasVideo + Player.IsInternetStream</visible>
				</control>
				<control type="label">
					<top>55</top>
					<width>200</width>
					<right>20</right>
					<align>right</align>
					<label>$LOCALIZE[31323] $INFO[Player.FinishTime(hh:mm)]</label>
					<include>detail_Sub</include>
					<visible>Player.HasVideo</visible>
				</control>
			</control>
		</control>
	</include>
	<!--WINDOW TITLES-->
	<include name="windowTitle">
		<left>60</left>
		<top>10</top>
		<width>950</width>
		<aligny>center</aligny>
		<font>light_44</font>
		<textcolor>Color1</textcolor>
		<include>transition_WindowTitle</include>
		<include>toggle_Menu</include>
		<visible>![Window.IsActive(movieinformation) | Window.IsActive(musicinformation) | Window.IsActive(busydialog)] +
 !Control.IsVisible(9900)</visible>
		<animation effect="slide" end="-27" time="0" condition="Skin.HasSetting(global.kiosk)">Conditional</animation>
	</include>
	<include name="windowTitle_Video">
		<control type="label">
			<label>$VAR[window_Title.Video]</label>
			<include>windowTitle</include>
		<textcolor>Color8</textcolor>
		</control>
	</include>
	<include name="windowTitle_Music">
		<control type="label">
			<label>$VAR[window_Title.Music]</label>
			<include>windowTitle</include>
		</control>
	</include>
	<include name="windowTitle_Pictures">
		<control type="label">
			<label>$VAR[window_Title.Pictures]</label>
			<include>windowTitle</include>
		</control>
	</include>
	<include name="windowTitle_Programs">
		<control type="label">
			<label>$VAR[window_Title.Programs]</label>
			<include>windowTitle</include>
		</control>
	</include>
	<include name="windowTitle_System">
		<control type="label">
			<label>$VAR[window_Title.System]</label>
			<include>windowTitle</include>
			<animation effect="slide" end="-27" time="0" condition="Window.IsActive(systeminfo) | Window.IsActive(profiles) | Window.IsActive(skinsettings) | Window.IsActive(filemanager)">Conditional</animation>
		</control>
	</include>
	<include name="windowTitle_Addons">
		<control type="label">
			<label>$VAR[window_Title.Addons]</label>
			<include>windowTitle</include>
		</control>
	</include>
	<include name="windowTitle_Playlists">
		<control type="label">
			<label>$VAR[window_Title.Playlists]</label>
			<include>windowTitle</include>
		</control>
	</include>
	<include name="windowTitle_Weather">
		<control type="label">
			<label>$VAR[window_Title.Weather]</label>
			<include>windowTitle</include>
		</control>
	</include>
</includes>