<?xml version="1.0" encoding="UTF-8"?>
<window>
	<defaultcontrol always="true">50</defaultcontrol>
	<allowoverlay>yes</allowoverlay>
	<views>50,57,572,574</views>
	<controls>
		<!--trigger-->
		<control type="button" id="8000">
			<label>-</label>
			<onup>54</onup>
			<ondown>54</ondown>
			<onleft>54</onleft>
			<onright>54</onright>
			<width>200</width>
			<visible allowhiddenfocus="true">false</visible>
		</control>
		<!--global includes-->
		<include>global_Background</include>
		<include>global_Includes</include>
		<include>global_MenuGuide</include>
		<include>windowTitle_Music</include>
		<include>PageControls</include>
		<!--view includes-->
		<include>Viewtype50_List</include>
		<include>Viewtype57_IconPortrait</include>
		<include>Viewtype572_IconSquare</include>
		<include>Viewtype574_IconSquareSmall</include>
		<!--detail includes-->
		<include>detail_ListMusic</include>
		<include>detail_ListAddons</include>
		<include>detail_Thumbnails</include>
		<!--menu-->
		<include>menu_Music</include>
	</controls>
</window>