<?xml version="1.0" encoding="UTF-8"?>
<window>
	<defaultcontrol always="true">50</defaultcontrol>
	<allowoverlay>yes</allowoverlay>
	<views>50,53,572</views>
	<controls>
		<!--menu trigger-->
		<control type="button" id="8000">
			<label>-</label>
			<onup>53</onup>
			<ondown>53</ondown>
			<onleft>53</onleft>
			<onright>53</onright>
			<width>200</width>
			<visible allowhiddenfocus="true">false</visible>
		</control>
		<!--global includes-->
		<include>global_Background</include>
		<include>global_Includes</include>
		<include>global_MenuGuide</include>
		<include>windowTitle_Pictures</include>
		<!--view includes-->
		<include>Viewtype50_List</include>
		<include>Viewtype53_Gallery</include>
		<include>Viewtype572_IconSquare</include>
		<!--detail includes-->
		<include>detail_ListAddons</include>
		<!--list-->
		<control type="group">
			<include>toggle_Menu</include>
			<include>transition_Content</include>
			<visible>Control.IsVisible(50) + !IsEmpty(Container.FolderPath) + !SubString(Container.FolderPath,addons)</visible>
			<control type="group">
				<left>700</left>
				<top>85</top>
				<control type="image">
					<width>550</width>
					<height>550</height>
					<texture fallback="thumbs/default_Portrait.png" background="true">$INFO[ListItem.Thumb]</texture>
					<bordertexture border="5">frames/frame-nf.png</bordertexture>
					<bordersize>5</bordersize>
					<aspectratio align="center" aligny="top">keep</aspectratio>
					<fadetime>fadetime_Thumb</fadetime>
					<visible>ListItem.IsFolder + !SubString(ListItem.Icon,DefaultFolderBack)</visible>
				</control>
				<control type="image">
					<width>550</width>
					<height>550</height>
					<texture fallback="thumbs/default_Portrait.png" background="true">$INFO[ListItem.FilenameAndPath]</texture>
					<bordertexture border="5">frames/frame-nf.png</bordertexture>
					<bordersize>5</bordersize>
					<aspectratio align="center" aligny="top">keep</aspectratio>
					<fadetime>fadetime_Thumb</fadetime>
					<visible>!ListItem.IsFolder</visible>
				</control>
			</control>
		</control>
		<!--scrollbars-->
		<include>PageControls</include>
		<!--menu-->
		<include>menu_Files</include>
	</controls>
</window>