<?xml version="1.0" encoding="UTF-8"?>
<window>
	<defaultcontrol always="true">50</defaultcontrol>
	<allowoverlay>yes</allowoverlay>
	<views>50,51,52,54,55,56,57,571,572,574,58</views>
	<controls>
		<!--trigger-->
		<control type="button" id="8000">
			<label>-</label>
			<onup>53</onup>
			<ondown>71</ondown>
			<onleft>53</onleft>
			<onright>53</onright>
			<width>500</width>
			<visible allowhiddenfocus="true">false</visible>
		</control>
		<!--global includes-->
		<include>global_Background</include>
		<include>global_Includes</include>
		<include>global_MenuGuide</include>
		<include>windowTitle_Video</include>
		<!--view includes-->
		<include>Viewtype50_List</include>
		<include>Viewtype51_BigList</include>
		<include>Viewtype52_SlidePoster</include>
		<include>Viewtype54_BannerList</include>
		<include>Viewtype55_RightList</include>
		<include>Viewtype56_SimplePoster</include>
		<include>Viewtype57_IconPortrait</include>
		<include>Viewtype571_IconPortraitSmall</include>
		<include>Viewtype572_IconSquare</include>
		<include>Viewtype574_IconSquareSmall</include>
		<include>Viewtype58_PosterWall</include>
		<!--detail includes-->
		<include>detail_ListMusic</include>
		<include>detail_ListAddons</include>
		<include>detail_Thumbnails</include>
		<!--list-->
		<control type="group">
			<include>toggle_Menu</include>
			<include>transition_Info</include>
			<include>transition_Content</include>
			<include>fadeinout</include>
			<visible>Control.IsVisible(50)</visible>
			<!--landscape-->
			<control type="group">
				<control type="group">
					<left>710</left>
					<top>90</top>
					<visible>[[Container.Content(movies) | Container.Content(tvshows)] + Skin.HasSetting(view.list.fanart)] | Container.Content(artists) | Container.Content(episodes)</visible>
					<control type="image">
						<width>546</width>
						<height>310</height>
						<include>art_Frame-nf</include>
					</control>
					<control type="group">
						<left>5</left>
						<top>5</top>
						<control type="image">
							<width>536</width>
							<height>300</height>
							<texture background="true" fallback="thumbs/default_Landscape.png">$VAR[thumb_Landscape]</texture>
							<fadetime>fadetime_Thumb</fadetime>
							<aspectratio align="center" aligny="top">scale</aspectratio>
						</control>
						<control type="textbox">
							<top>315</top>
							<width>536</width>
							<height>auto</height>
							<label>$VAR[global_Plot]</label>
							<include>detail_Text</include>
						</control>
					</control>
				</control>
			</control>
			<!--portrait-->
			<control type="group">
				<left>800</left>
				<top>80</top>
				<control type="group">
					<visible>[Container.Content(movies) | Container.Content(tvshows)] + [!Skin.HasSetting(view.list.fanart) | SubString(Container.FolderPath,plugin://)] | Container.Content(actors) | Container.Content(genres) | Container.Content(directors) | Container.Content(seasons) | Container.Content(sets)</visible>
					<control type="image">
						<width>420</width>
						<height>614</height>
						<include>art_Frame-nf</include>
					</control>
					<control type="group">
						<left>7</left>
						<top>7</top>
						<control type="image">
							<width>406</width>
							<height>600</height>
							<texture background="true" fallback="thumbs/default_Portrait.png">$VAR[thumb_Portrait]</texture>
							<aspectratio align="center" aligny="center">scale</aspectratio>
							<fadetime>fadetime_Thumb</fadetime>
						</control>
					</control>
				</control>
			</control>
			<!--files-->
			<control type="group">
				<visible>Container.Content(musicvideos) | Container.Content(files)</visible>
				<control type="group">
					<left>680</left>
					<top>80</top>
					<control type="image">
						<width>532</width>
						<height>614</height>
						<texture fallback="thumbs/default_Landscape.png" background="true">$INFO[ListItem.Thumb]</texture>
						<bordertexture border="7">frames/frame-nf.png</bordertexture>
						<bordersize>7</bordersize>
						<aspectratio align="center" aligny="top">keep</aspectratio>
						<fadetime>fadetime_Thumb</fadetime>
						<visible>!IsEmpty(ListItem.Thumb) + !SubString(Container.FolderPath,plugin://) + !IsEmpty(Container.FolderPath)</visible>
					</control>
				</control>
			</control>
		</control>
		<!--scrollbars-->
		<include>PageControls</include>
		<!--menu-->
		<include>menu_Video</include>
	</controls>
</window>