<?xml version="1.0" encoding="UTF-8"?>
<window id="105">
	<allowoverlay>yes</allowoverlay>
	<defaultcontrol>-</defaultcontrol>
	<coordinates>
		<system>1</system>
		<left>0</left>
		<top>0</top>
	</coordinates>
	<controls>
		<control type="image" id="1">
			<description>Pointer No Focus</description>
			<width>32</width>
			<height>32</height>
			<texture>pointer/pointer-arrow.png</texture>
		</control>
		<control type="image" id="2">
			<description>Pointer Focus</description>
			<width>32</width>
			<height>32</height>
			<texture>pointer/pointer-click.png</texture>
		</control>
	</controls>
</window>