<?xml version='1.0' encoding='UTF-8'?>
<includes>
	<include name="skinshortcuts-mainmenu">
		<item id="1">
			<onclick>ActivateWindow(Videos,Files,return)</onclick>
			<label>Video</label>
			<label2>Video</label2>
			<icon>DefaultShortcut.png</icon>
			<thumb />
			<property name="labelID">video</property>
			<property name="group">mainmenu</property>
			<property name="submenuVisibility">video</property>
			<visible>StringCompare(System.ProfileName,Master user)</visible>
			<property name="hasSubmenu">True</property>
		</item>
		<item id="2">
			<onclick>ActivateWindow(Videos,MovieTitles,return)</onclick>
			<label>Film</label>
			<label2>Scorciatoia comune</label2>
			<icon>DefaultMovies.png</icon>
			<thumb />
			<property name="labelID">movies</property>
			<property name="group">mainmenu</property>
			<property name="submenuVisibility">movies</property>
			<visible>StringCompare(System.ProfileName,Master user)</visible>
			<property name="hasSubmenu">True</property>
		</item>
		<item id="3">
			<onclick>ActivateWindow(Videos,TVShowTitles,return)</onclick>
			<label>Serie TV</label>
			<label2>Scorciatoia comune</label2>
			<icon>DefaultShortcut.png</icon>
			<thumb />
			<property name="labelID">tvshows</property>
			<property name="group">mainmenu</property>
			<property name="submenuVisibility">tvshows</property>
			<visible>StringCompare(System.ProfileName,Master user)</visible>
			<property name="hasSubmenu">True</property>
		</item>
		<item id="4">
			<onclick>ActivateWindow(MusicFiles)</onclick>
			<label>Musica</label>
			<label2>Musica</label2>
			<icon>DefaultShortcut.png</icon>
			<thumb />
			<property name="labelID">musica</property>
			<property name="group">mainmenu</property>
			<property name="submenuVisibility">musica</property>
			<visible>StringCompare(System.ProfileName,Master user)</visible>
			<property name="hasSubmenu">True</property>
		</item>
		<item id="5">
			<onclick>noop</onclick>
			<label>More...</label>
			<label2 />
			<icon />
			<thumb />
			<property name="labelID">more...</property>
			<property name="group">mainmenu</property>
			<property name="submenuVisibility">more</property>
			<visible>StringCompare(System.ProfileName,Master user)</visible>
			<property name="hasSubmenu">True</property>
		</item>
		<item id="6">
			<onclick>XBMC.PlayDVD()</onclick>
			<label>Lancia DVD</label>
			<label2>Scorciatoia comune</label2>
			<icon>DefaultShortcut.png</icon>
			<thumb />
			<property name="labelID">dvd</property>
			<property name="group">mainmenu</property>
			<property name="submenuVisibility">dvd</property>
			<visible>StringCompare(System.ProfileName,Master user)</visible>
			<visible>System.HasMediaDVD</visible>
			<property name="hasSubmenu">True</property>
		</item>
	</include>
	<include />
	<include name="skinshortcuts-submenu">
		<item id="1">
			<onclick>ActivateWindow(Favourites)</onclick>
			<label>Preferiti</label>
			<label2>Scorciatoia comune</label2>
			<icon>DefaultShortcut.png</icon>
			<thumb />
			<property name="labelID">1036</property>
			<property name="group">video</property>
			<visible>StringCompare(System.ProfileName,Master user) + [StringCompare(Container(9100).ListItem.Property(submenuVisibility),video)]</visible>
			<property name="isSubmenu">True</property>
		</item>
		<item id="2">
			<onclick>ActivateWindow(10025,"plugin://plugin.video.raitv",return)</onclick>
			<label>Rai Replay</label>
			<label2>Add-on Video</label2>
			<icon>DefaultShortcut.png</icon>
			<thumb>image://D%3a%5cXBMC_Gotham%5cportable_data%5caddons%5cplugin.video.raitv%5cicon.png/</thumb>
			<property name="labelID">raireplay</property>
			<property name="group">video</property>
			<visible>StringCompare(System.ProfileName,Master user) + [StringCompare(Container(9100).ListItem.Property(submenuVisibility),video)]</visible>
			<property name="isSubmenu">True</property>
		</item>
		<item id="3">
			<onclick>ActivateWindow(10025,"plugin://plugin.video.youtube",return)</onclick>
			<label>YouTube</label>
			<label2>Add-on Video</label2>
			<icon>DefaultShortcut.png</icon>
			<thumb>image://D%3a%5cXBMC_Gotham%5cportable_data%5caddons%5cplugin.video.youtube%5cicon.png/</thumb>
			<property name="labelID">youtube</property>
			<property name="group">video</property>
			<visible>StringCompare(System.ProfileName,Master user) + [StringCompare(Container(9100).ListItem.Property(submenuVisibility),video)]</visible>
			<property name="isSubmenu">True</property>
		</item>
		<item id="4">
			<onclick>ActivateWindow(10025,"plugin://plugin.video.SportsDevil",return)</onclick>
			<label>SportsDevil</label>
			<label2>Add-on Video</label2>
			<icon>DefaultShortcut.png</icon>
			<thumb>image://D%3a%5cXBMC_Gotham%5cportable_data%5caddons%5cplugin.video.SportsDevil%5cicon.png/</thumb>
			<property name="labelID">sportsdevil</property>
			<property name="group">video</property>
			<visible>StringCompare(System.ProfileName,Master user) + [StringCompare(Container(9100).ListItem.Property(submenuVisibility),video)]</visible>
			<property name="isSubmenu">True</property>
		</item>
		<item id="5">
			<onclick>ActivateWindow(Videos,Addons,return)</onclick>
			<label>Addon video</label>
			<label2>Video</label2>
			<icon>DefaultShortcut.png</icon>
			<thumb />
			<property name="labelID">1037</property>
			<property name="group">video</property>
			<visible>StringCompare(System.ProfileName,Master user) + [StringCompare(Container(9100).ListItem.Property(submenuVisibility),video)]</visible>
			<property name="isSubmenu">True</property>
		</item>
		<item id="1">
			<onclick>ActivateWindow(VideoLibrary,D:\XBMC_Gotham\portable_data\addons\skin.refless\playlists\video/movies-in progress.xsp, return)</onclick>
			<label>In Progress</label>
			<label2>Skin della playlist</label2>
			<icon>DefaultPlaylist.png</icon>
			<thumb />
			<property name="labelID">inprogress</property>
			<property name="group">movies</property>
			<visible>StringCompare(System.ProfileName,Master user) + [StringCompare(Container(9100).ListItem.Property(submenuVisibility),movies)]</visible>
			<property name="isSubmenu">True</property>
		</item>
		<item id="2">
			<onclick>ActivateWindow(Videos,MovieTitles,return)</onclick>
			<label>Titolo</label>
			<label2>::LOCAL::342</label2>
			<icon>DefaultShortcut.png</icon>
			<thumb />
			<property name="labelID">369</property>
			<property name="group">movies</property>
			<visible>StringCompare(System.ProfileName,Master user) + [StringCompare(Container(9100).ListItem.Property(submenuVisibility),movies)]</visible>
			<property name="isSubmenu">True</property>
		</item>
		<item id="3">
			<onclick>ActivateWindow(Videos,MovieDirectors,return)</onclick>
			<label>Registi</label>
			<label2>::LOCAL::342</label2>
			<icon>DefaultShortcut.png</icon>
			<thumb />
			<property name="labelID">20348</property>
			<property name="group">movies</property>
			<visible>StringCompare(System.ProfileName,Master user) + [StringCompare(Container(9100).ListItem.Property(submenuVisibility),movies)]</visible>
			<property name="isSubmenu">True</property>
		</item>
		<item id="4">
			<onclick>ActivateWindow(Videos,MovieActors,return)</onclick>
			<label>Attori</label>
			<label2>::LOCAL::342</label2>
			<icon>DefaultActor.png</icon>
			<thumb />
			<property name="labelID">344</property>
			<property name="group">movies</property>
			<visible>StringCompare(System.ProfileName,Master user) + [StringCompare(Container(9100).ListItem.Property(submenuVisibility),movies)]</visible>
			<property name="isSubmenu">True</property>
		</item>
		<item id="5">
			<onclick>ActivateWindow(Videos,MovieGenres,return)</onclick>
			<label>Generi</label>
			<label2>::LOCAL::342</label2>
			<icon>DefaultShortcut.png</icon>
			<thumb />
			<property name="labelID">135</property>
			<property name="group">movies</property>
			<visible>StringCompare(System.ProfileName,Master user) + [StringCompare(Container(9100).ListItem.Property(submenuVisibility),movies)]</visible>
			<property name="isSubmenu">True</property>
		</item>
		<item id="6">
			<onclick>ActivateWindow(Videos,MovieSets,return)</onclick>
			<label>Set</label>
			<label2>::LOCAL::342</label2>
			<icon>DefaultShortcut.png</icon>
			<thumb />
			<property name="labelID">20434</property>
			<property name="group">movies</property>
			<visible>StringCompare(System.ProfileName,Master user) + [StringCompare(Container(9100).ListItem.Property(submenuVisibility),movies)]</visible>
			<property name="isSubmenu">True</property>
		</item>
		<item id="7">
			<onclick>ActivateWindow(VideoLibrary,D:\XBMC_Gotham\portable_data\addons\skin.reflex\playlists\video/movies-Top250.xsp, return)</onclick>
			<label>Top250</label>
			<label2>Skin della playlist</label2>
			<icon>DefaultShortcut.png</icon>
			<thumb />
			<property name="labelID">top250</property>
			<property name="group">movies</property>
			<visible>StringCompare(System.ProfileName,Master user) + [StringCompare(Container(9100).ListItem.Property(submenuVisibility),movies)]</visible>
			<property name="isSubmenu">True</property>
		</item>
		<item id="1">
			<onclick>ActivateWindow(Videos,RecentlyAddedEpisodes,return)</onclick>
			<label>Episodi recenti</label>
			<label2>Video</label2>
			<icon>DefaultShortcut.png</icon>
			<thumb />
			<property name="labelID">episodirecenti</property>
			<property name="group">tvshows</property>
			<visible>StringCompare(System.ProfileName,Master user) + [StringCompare(Container(9100).ListItem.Property(submenuVisibility),tvshows)]</visible>
			<property name="isSubmenu">True</property>
		</item>
		<item id="2">
			<onclick>ActivateWindow(Videos,TvShowTitles,return)</onclick>
			<label>Titolo</label>
			<label2>::LOCAL::20343</label2>
			<icon>DefaultShortcut.png</icon>
			<thumb />
			<property name="labelID">369</property>
			<property name="group">tvshows</property>
			<visible>StringCompare(System.ProfileName,Master user) + [StringCompare(Container(9100).ListItem.Property(submenuVisibility),tvshows)]</visible>
			<property name="isSubmenu">True</property>
		</item>
		<item id="3">
			<onclick>ActivateWindow(Videos,TvShowGenres,return)</onclick>
			<label>Generi</label>
			<label2>::LOCAL::20343</label2>
			<icon>DefaultShortcut.png</icon>
			<thumb />
			<property name="labelID">135</property>
			<property name="group">tvshows</property>
			<visible>StringCompare(System.ProfileName,Master user) + [StringCompare(Container(9100).ListItem.Property(submenuVisibility),tvshows)]</visible>
			<property name="isSubmenu">True</property>
		</item>
		<item id="4">
			<onclick>ActivateWindow(Videos,TvShowYears,return)</onclick>
			<label>Anno</label>
			<label2>::LOCAL::20343</label2>
			<icon>DefaultShortcut.png</icon>
			<thumb />
			<property name="labelID">562</property>
			<property name="group">tvshows</property>
			<visible>StringCompare(System.ProfileName,Master user) + [StringCompare(Container(9100).ListItem.Property(submenuVisibility),tvshows)]</visible>
			<property name="isSubmenu">True</property>
		</item>
		<item id="5">
			<onclick>ActivateWindow(Videos,TvShowActors,return)</onclick>
			<label>Attori</label>
			<label2>::LOCAL::20343</label2>
			<icon>DefaultActor.png</icon>
			<thumb />
			<property name="labelID">344</property>
			<property name="group">tvshows</property>
			<visible>StringCompare(System.ProfileName,Master user) + [StringCompare(Container(9100).ListItem.Property(submenuVisibility),tvshows)]</visible>
			<property name="isSubmenu">True</property>
		</item>
		<item id="1">
			<onclick>ActivateWindow(MusicLibrary,Artists,return)</onclick>
			<label>Artisti</label>
			<label2>Musica</label2>
			<icon>DefaultShortcut.png</icon>
			<thumb />
			<property name="labelID">133</property>
			<property name="group">musica</property>
			<visible>StringCompare(System.ProfileName,Master user) + [StringCompare(Container(9100).ListItem.Property(submenuVisibility),musica)]</visible>
			<property name="isSubmenu">True</property>
			<visible>Library.HasContent(Music)</visible>
		</item>
		<item id="2">
			<onclick>ActivateWindow(MusicLibrary,Albums,return)</onclick>
			<label>Album</label>
			<label2>Musica</label2>
			<icon>DefaultShortcut.png</icon>
			<thumb />
			<property name="labelID">132</property>
			<property name="group">musica</property>
			<visible>StringCompare(System.ProfileName,Master user) + [StringCompare(Container(9100).ListItem.Property(submenuVisibility),musica)]</visible>
			<property name="isSubmenu">True</property>
			<visible>Library.HasContent(Music)</visible>
		</item>
		<item id="3">
			<onclick>ActivateWindow(MusicLibrary,Songs,return)</onclick>
			<label>Canzoni</label>
			<label2>Musica</label2>
			<icon>DefaultShortcut.png</icon>
			<thumb />
			<property name="labelID">134</property>
			<property name="group">musica</property>
			<visible>StringCompare(System.ProfileName,Master user) + [StringCompare(Container(9100).ListItem.Property(submenuVisibility),musica)]</visible>
			<property name="isSubmenu">True</property>
			<visible>Library.HasContent(Music)</visible>
		</item>
		<item id="1">
			<onclick>ActivateWindow(Weather)</onclick>
			<label>Meteo</label>
			<label2>Scorciatoia comune</label2>
			<icon>DefaultShortcut.png</icon>
			<thumb />
			<property name="labelID">weather</property>
			<property name="group">more...</property>
			<visible>StringCompare(System.ProfileName,Master user) + [StringCompare(Container(9100).ListItem.Property(submenuVisibility),more)]</visible>
			<property name="isSubmenu">True</property>
			<visible>!IsEmpty(Weather.Plugin)</visible>
		</item>
		<item id="2">
			<onclick>ActivateWindow(Pictures)</onclick>
			<label>Immagini</label>
			<label2>Scorciatoia comune</label2>
			<icon>DefaultPicture.png</icon>
			<thumb />
			<property name="labelID">pictures</property>
			<property name="group">more...</property>
			<visible>StringCompare(System.ProfileName,Master user) + [StringCompare(Container(9100).ListItem.Property(submenuVisibility),more)]</visible>
			<property name="isSubmenu">True</property>
		</item>
		<item id="3">
			<onclick>ActivateWindow(Programs,Addons,return)</onclick>
			<label>Programmi</label>
			<label2>Scorciatoia comune</label2>
			<icon>DefaultShortcut.png</icon>
			<thumb />
			<property name="labelID">programs</property>
			<property name="group">more...</property>
			<visible>StringCompare(System.ProfileName,Master user) + [StringCompare(Container(9100).ListItem.Property(submenuVisibility),more)]</visible>
			<property name="isSubmenu">True</property>
		</item>
		<item id="4">
			<onclick>ActivateWindow(64)</onclick>
			<label>Cerca</label>
			<label2>Scorciatoia personalizzata</label2>
			<icon>DefaultShortcut.png</icon>
			<thumb />
			<property name="labelID">cerca</property>
			<property name="group">more...</property>
			<visible>StringCompare(System.ProfileName,Master user) + [StringCompare(Container(9100).ListItem.Property(submenuVisibility),more)]</visible>
			<property name="isSubmenu">True</property>
		</item>
		<item id="5">
			<onclick>ActivateWindow(Settings)</onclick>
			<label>Impostazioni</label>
			<label2>Scorciatoia comune</label2>
			<icon>DefaultShortcut.png</icon>
			<thumb />
			<property name="labelID">settings</property>
			<property name="group">more...</property>
			<visible>StringCompare(System.ProfileName,Master user) + [StringCompare(Container(9100).ListItem.Property(submenuVisibility),more)]</visible>
			<property name="isSubmenu">True</property>
		</item>
		<item id="6">
			<onclick>ActivateWindow(FileManager)</onclick>
			<label>FileManager</label>
			<label2>Scorciatoia comune</label2>
			<icon>DefaultShortcut.png</icon>
			<thumb />
			<property name="labelID">filemanager</property>
			<property name="group">more...</property>
			<visible>StringCompare(System.ProfileName,Master user) + [StringCompare(Container(9100).ListItem.Property(submenuVisibility),more)]</visible>
			<property name="isSubmenu">True</property>
		</item>
		<item id="1">
			<onclick>EjectTray()</onclick>
			<label>Espelli Vassoio</label>
			<label2>Scorciatoia comune</label2>
			<icon>DefaultShortcut.png</icon>
			<thumb />
			<property name="labelID">32033</property>
			<property name="group">dvd</property>
			<visible>StringCompare(System.ProfileName,Master user) + [StringCompare(Container(9100).ListItem.Property(submenuVisibility),dvd)]</visible>
			<property name="isSubmenu">True</property>
		</item>
	</include>
	<include name="skinshortcuts-allmenus">
		<item id="1">
			<onclick condition="!StringCompare(Window(10000).Property(submenuVisibility),video)">SetProperty(submenuVisibility,video,10000)</onclick>
			<label>Video</label>
			<label2>Video</label2>
			<icon>DefaultShortcut.png</icon>
			<thumb />
			<property name="labelID">video</property>
			<property name="group">mainmenu</property>
			<property name="submenuVisibility">video</property>
			<visible>StringCompare(System.ProfileName,Master user)</visible>
			<property name="hasSubmenu">True</property>
			<onclick condition="StringCompare(Window(10000).Property(submenuVisibility),video)">ActivateWindow(Videos,Files,return)</onclick>
		</item>
		<item id="1">
			<onclick>ActivateWindow(Favourites)</onclick>
			<label>Preferiti</label>
			<label2>Scorciatoia comune</label2>
			<icon>DefaultShortcut.png</icon>
			<thumb />
			<property name="labelID">1036</property>
			<property name="group">video</property>
			<visible>StringCompare(System.ProfileName,Master user) + [StringCompare(Window(10000).Property(submenuVisibility),video)]</visible>
			<property name="isSubmenu">True</property>
		</item>
		<item id="2">
			<onclick>ActivateWindow(10025,"plugin://plugin.video.raitv",return)</onclick>
			<label>Rai Replay</label>
			<label2>Add-on Video</label2>
			<icon>DefaultShortcut.png</icon>
			<thumb>image://D%3a%5cXBMC_Gotham%5cportable_data%5caddons%5cplugin.video.raitv%5cicon.png/</thumb>
			<property name="labelID">raireplay</property>
			<property name="group">video</property>
			<visible>StringCompare(System.ProfileName,Master user) + [StringCompare(Window(10000).Property(submenuVisibility),video)]</visible>
			<property name="isSubmenu">True</property>
		</item>
		<item id="3">
			<onclick>ActivateWindow(10025,"plugin://plugin.video.youtube",return)</onclick>
			<label>YouTube</label>
			<label2>Add-on Video</label2>
			<icon>DefaultShortcut.png</icon>
			<thumb>image://D%3a%5cXBMC_Gotham%5cportable_data%5caddons%5cplugin.video.youtube%5cicon.png/</thumb>
			<property name="labelID">youtube</property>
			<property name="group">video</property>
			<visible>StringCompare(System.ProfileName,Master user) + [StringCompare(Window(10000).Property(submenuVisibility),video)]</visible>
			<property name="isSubmenu">True</property>
		</item>
		<item id="4">
			<onclick>ActivateWindow(10025,"plugin://plugin.video.SportsDevil",return)</onclick>
			<label>SportsDevil</label>
			<label2>Add-on Video</label2>
			<icon>DefaultShortcut.png</icon>
			<thumb>image://D%3a%5cXBMC_Gotham%5cportable_data%5caddons%5cplugin.video.SportsDevil%5cicon.png/</thumb>
			<property name="labelID">sportsdevil</property>
			<property name="group">video</property>
			<visible>StringCompare(System.ProfileName,Master user) + [StringCompare(Window(10000).Property(submenuVisibility),video)]</visible>
			<property name="isSubmenu">True</property>
		</item>
		<item id="5">
			<onclick>ActivateWindow(Videos,Addons,return)</onclick>
			<label>Addon video</label>
			<label2>Video</label2>
			<icon>DefaultShortcut.png</icon>
			<thumb />
			<property name="labelID">1037</property>
			<property name="group">video</property>
			<visible>StringCompare(System.ProfileName,Master user) + [StringCompare(Window(10000).Property(submenuVisibility),video)]</visible>
			<property name="isSubmenu">True</property>
		</item>
		<item id="2">
			<onclick condition="!StringCompare(Window(10000).Property(submenuVisibility),movies)">SetProperty(submenuVisibility,movies,10000)</onclick>
			<label>Film</label>
			<label2>Scorciatoia comune</label2>
			<icon>DefaultMovies.png</icon>
			<thumb />
			<property name="labelID">movies</property>
			<property name="group">mainmenu</property>
			<property name="submenuVisibility">movies</property>
			<visible>StringCompare(System.ProfileName,Master user)</visible>
			<property name="hasSubmenu">True</property>
			<onclick condition="StringCompare(Window(10000).Property(submenuVisibility),movies)">ActivateWindow(Videos,MovieTitles,return)</onclick>
		</item>
		<item id="1">
			<onclick>ActivateWindow(VideoLibrary,D:\XBMC_Gotham\portable_data\addons\skin.refless\playlists\video/movies-in progress.xsp, return)</onclick>
			<label>In Progress</label>
			<label2>Skin della playlist</label2>
			<icon>DefaultPlaylist.png</icon>
			<thumb />
			<property name="labelID">inprogress</property>
			<property name="group">movies</property>
			<visible>StringCompare(System.ProfileName,Master user) + [StringCompare(Window(10000).Property(submenuVisibility),movies)]</visible>
			<property name="isSubmenu">True</property>
		</item>
		<item id="2">
			<onclick>ActivateWindow(Videos,MovieTitles,return)</onclick>
			<label>Titolo</label>
			<label2>::LOCAL::342</label2>
			<icon>DefaultShortcut.png</icon>
			<thumb />
			<property name="labelID">369</property>
			<property name="group">movies</property>
			<visible>StringCompare(System.ProfileName,Master user) + [StringCompare(Window(10000).Property(submenuVisibility),movies)]</visible>
			<property name="isSubmenu">True</property>
		</item>
		<item id="3">
			<onclick>ActivateWindow(Videos,MovieDirectors,return)</onclick>
			<label>Registi</label>
			<label2>::LOCAL::342</label2>
			<icon>DefaultShortcut.png</icon>
			<thumb />
			<property name="labelID">20348</property>
			<property name="group">movies</property>
			<visible>StringCompare(System.ProfileName,Master user) + [StringCompare(Window(10000).Property(submenuVisibility),movies)]</visible>
			<property name="isSubmenu">True</property>
		</item>
		<item id="4">
			<onclick>ActivateWindow(Videos,MovieActors,return)</onclick>
			<label>Attori</label>
			<label2>::LOCAL::342</label2>
			<icon>DefaultActor.png</icon>
			<thumb />
			<property name="labelID">344</property>
			<property name="group">movies</property>
			<visible>StringCompare(System.ProfileName,Master user) + [StringCompare(Window(10000).Property(submenuVisibility),movies)]</visible>
			<property name="isSubmenu">True</property>
		</item>
		<item id="5">
			<onclick>ActivateWindow(Videos,MovieGenres,return)</onclick>
			<label>Generi</label>
			<label2>::LOCAL::342</label2>
			<icon>DefaultShortcut.png</icon>
			<thumb />
			<property name="labelID">135</property>
			<property name="group">movies</property>
			<visible>StringCompare(System.ProfileName,Master user) + [StringCompare(Window(10000).Property(submenuVisibility),movies)]</visible>
			<property name="isSubmenu">True</property>
		</item>
		<item id="6">
			<onclick>ActivateWindow(Videos,MovieSets,return)</onclick>
			<label>Set</label>
			<label2>::LOCAL::342</label2>
			<icon>DefaultShortcut.png</icon>
			<thumb />
			<property name="labelID">20434</property>
			<property name="group">movies</property>
			<visible>StringCompare(System.ProfileName,Master user) + [StringCompare(Window(10000).Property(submenuVisibility),movies)]</visible>
			<property name="isSubmenu">True</property>
		</item>
		<item id="7">
			<onclick>ActivateWindow(VideoLibrary,D:\XBMC_Gotham\portable_data\addons\skin.reflex\playlists\video/movies-Top250.xsp, return)</onclick>
			<label>Top250</label>
			<label2>Skin della playlist</label2>
			<icon>DefaultShortcut.png</icon>
			<thumb />
			<property name="labelID">top250</property>
			<property name="group">movies</property>
			<visible>StringCompare(System.ProfileName,Master user) + [StringCompare(Window(10000).Property(submenuVisibility),movies)]</visible>
			<property name="isSubmenu">True</property>
		</item>
		<item id="3">
			<onclick condition="!StringCompare(Window(10000).Property(submenuVisibility),tvshows)">SetProperty(submenuVisibility,tvshows,10000)</onclick>
			<label>Serie TV</label>
			<label2>Scorciatoia comune</label2>
			<icon>DefaultShortcut.png</icon>
			<thumb />
			<property name="labelID">tvshows</property>
			<property name="group">mainmenu</property>
			<property name="submenuVisibility">tvshows</property>
			<visible>StringCompare(System.ProfileName,Master user)</visible>
			<property name="hasSubmenu">True</property>
			<onclick condition="StringCompare(Window(10000).Property(submenuVisibility),tvshows)">ActivateWindow(Videos,TVShowTitles,return)</onclick>
		</item>
		<item id="1">
			<onclick>ActivateWindow(Videos,RecentlyAddedEpisodes,return)</onclick>
			<label>Episodi recenti</label>
			<label2>Video</label2>
			<icon>DefaultShortcut.png</icon>
			<thumb />
			<property name="labelID">episodirecenti</property>
			<property name="group">tvshows</property>
			<visible>StringCompare(System.ProfileName,Master user) + [StringCompare(Window(10000).Property(submenuVisibility),tvshows)]</visible>
			<property name="isSubmenu">True</property>
		</item>
		<item id="2">
			<onclick>ActivateWindow(Videos,TvShowTitles,return)</onclick>
			<label>Titolo</label>
			<label2>::LOCAL::20343</label2>
			<icon>DefaultShortcut.png</icon>
			<thumb />
			<property name="labelID">369</property>
			<property name="group">tvshows</property>
			<visible>StringCompare(System.ProfileName,Master user) + [StringCompare(Window(10000).Property(submenuVisibility),tvshows)]</visible>
			<property name="isSubmenu">True</property>
		</item>
		<item id="3">
			<onclick>ActivateWindow(Videos,TvShowGenres,return)</onclick>
			<label>Generi</label>
			<label2>::LOCAL::20343</label2>
			<icon>DefaultShortcut.png</icon>
			<thumb />
			<property name="labelID">135</property>
			<property name="group">tvshows</property>
			<visible>StringCompare(System.ProfileName,Master user) + [StringCompare(Window(10000).Property(submenuVisibility),tvshows)]</visible>
			<property name="isSubmenu">True</property>
		</item>
		<item id="4">
			<onclick>ActivateWindow(Videos,TvShowYears,return)</onclick>
			<label>Anno</label>
			<label2>::LOCAL::20343</label2>
			<icon>DefaultShortcut.png</icon>
			<thumb />
			<property name="labelID">562</property>
			<property name="group">tvshows</property>
			<visible>StringCompare(System.ProfileName,Master user) + [StringCompare(Window(10000).Property(submenuVisibility),tvshows)]</visible>
			<property name="isSubmenu">True</property>
		</item>
		<item id="5">
			<onclick>ActivateWindow(Videos,TvShowActors,return)</onclick>
			<label>Attori</label>
			<label2>::LOCAL::20343</label2>
			<icon>DefaultActor.png</icon>
			<thumb />
			<property name="labelID">344</property>
			<property name="group">tvshows</property>
			<visible>StringCompare(System.ProfileName,Master user) + [StringCompare(Window(10000).Property(submenuVisibility),tvshows)]</visible>
			<property name="isSubmenu">True</property>
		</item>
		<item id="4">
			<onclick condition="!StringCompare(Window(10000).Property(submenuVisibility),musica)">SetProperty(submenuVisibility,musica,10000)</onclick>
			<label>Musica</label>
			<label2>Musica</label2>
			<icon>DefaultShortcut.png</icon>
			<thumb />
			<property name="labelID">musica</property>
			<property name="group">mainmenu</property>
			<property name="submenuVisibility">musica</property>
			<visible>StringCompare(System.ProfileName,Master user)</visible>
			<property name="hasSubmenu">True</property>
			<onclick condition="StringCompare(Window(10000).Property(submenuVisibility),musica)">ActivateWindow(MusicFiles)</onclick>
		</item>
		<item id="1">
			<onclick>ActivateWindow(MusicLibrary,Artists,return)</onclick>
			<label>Artisti</label>
			<label2>Musica</label2>
			<icon>DefaultShortcut.png</icon>
			<thumb />
			<property name="labelID">133</property>
			<property name="group">musica</property>
			<visible>StringCompare(System.ProfileName,Master user) + [StringCompare(Window(10000).Property(submenuVisibility),musica)]</visible>
			<property name="isSubmenu">True</property>
			<visible>Library.HasContent(Music)</visible>
		</item>
		<item id="2">
			<onclick>ActivateWindow(MusicLibrary,Albums,return)</onclick>
			<label>Album</label>
			<label2>Musica</label2>
			<icon>DefaultShortcut.png</icon>
			<thumb />
			<property name="labelID">132</property>
			<property name="group">musica</property>
			<visible>StringCompare(System.ProfileName,Master user) + [StringCompare(Window(10000).Property(submenuVisibility),musica)]</visible>
			<property name="isSubmenu">True</property>
			<visible>Library.HasContent(Music)</visible>
		</item>
		<item id="3">
			<onclick>ActivateWindow(MusicLibrary,Songs,return)</onclick>
			<label>Canzoni</label>
			<label2>Musica</label2>
			<icon>DefaultShortcut.png</icon>
			<thumb />
			<property name="labelID">134</property>
			<property name="group">musica</property>
			<visible>StringCompare(System.ProfileName,Master user) + [StringCompare(Window(10000).Property(submenuVisibility),musica)]</visible>
			<property name="isSubmenu">True</property>
			<visible>Library.HasContent(Music)</visible>
		</item>
		<item id="5">
			<onclick condition="!StringCompare(Window(10000).Property(submenuVisibility),more)">SetProperty(submenuVisibility,more,10000)</onclick>
			<label>More...</label>
			<label2 />
			<icon />
			<thumb />
			<property name="labelID">more...</property>
			<property name="group">mainmenu</property>
			<property name="submenuVisibility">more</property>
			<visible>StringCompare(System.ProfileName,Master user)</visible>
			<property name="hasSubmenu">True</property>
			<onclick condition="StringCompare(Window(10000).Property(submenuVisibility),more)">noop</onclick>
		</item>
		<item id="1">
			<onclick>ActivateWindow(Weather)</onclick>
			<label>Meteo</label>
			<label2>Scorciatoia comune</label2>
			<icon>DefaultShortcut.png</icon>
			<thumb />
			<property name="labelID">weather</property>
			<property name="group">more...</property>
			<visible>StringCompare(System.ProfileName,Master user) + [StringCompare(Window(10000).Property(submenuVisibility),more)]</visible>
			<property name="isSubmenu">True</property>
			<visible>!IsEmpty(Weather.Plugin)</visible>
		</item>
		<item id="2">
			<onclick>ActivateWindow(Pictures)</onclick>
			<label>Immagini</label>
			<label2>Scorciatoia comune</label2>
			<icon>DefaultPicture.png</icon>
			<thumb />
			<property name="labelID">pictures</property>
			<property name="group">more...</property>
			<visible>StringCompare(System.ProfileName,Master user) + [StringCompare(Window(10000).Property(submenuVisibility),more)]</visible>
			<property name="isSubmenu">True</property>
		</item>
		<item id="3">
			<onclick>ActivateWindow(Programs,Addons,return)</onclick>
			<label>Programmi</label>
			<label2>Scorciatoia comune</label2>
			<icon>DefaultShortcut.png</icon>
			<thumb />
			<property name="labelID">programs</property>
			<property name="group">more...</property>
			<visible>StringCompare(System.ProfileName,Master user) + [StringCompare(Window(10000).Property(submenuVisibility),more)]</visible>
			<property name="isSubmenu">True</property>
		</item>
		<item id="4">
			<onclick>ActivateWindow(64)</onclick>
			<label>Cerca</label>
			<label2>Scorciatoia personalizzata</label2>
			<icon>DefaultShortcut.png</icon>
			<thumb />
			<property name="labelID">cerca</property>
			<property name="group">more...</property>
			<visible>StringCompare(System.ProfileName,Master user) + [StringCompare(Window(10000).Property(submenuVisibility),more)]</visible>
			<property name="isSubmenu">True</property>
		</item>
		<item id="5">
			<onclick>ActivateWindow(Settings)</onclick>
			<label>Impostazioni</label>
			<label2>Scorciatoia comune</label2>
			<icon>DefaultShortcut.png</icon>
			<thumb />
			<property name="labelID">settings</property>
			<property name="group">more...</property>
			<visible>StringCompare(System.ProfileName,Master user) + [StringCompare(Window(10000).Property(submenuVisibility),more)]</visible>
			<property name="isSubmenu">True</property>
		</item>
		<item id="6">
			<onclick>ActivateWindow(FileManager)</onclick>
			<label>FileManager</label>
			<label2>Scorciatoia comune</label2>
			<icon>DefaultShortcut.png</icon>
			<thumb />
			<property name="labelID">filemanager</property>
			<property name="group">more...</property>
			<visible>StringCompare(System.ProfileName,Master user) + [StringCompare(Window(10000).Property(submenuVisibility),more)]</visible>
			<property name="isSubmenu">True</property>
		</item>
		<item id="6">
			<onclick condition="!StringCompare(Window(10000).Property(submenuVisibility),dvd)">SetProperty(submenuVisibility,dvd,10000)</onclick>
			<label>Lancia DVD</label>
			<label2>Scorciatoia comune</label2>
			<icon>DefaultShortcut.png</icon>
			<thumb />
			<property name="labelID">dvd</property>
			<property name="group">mainmenu</property>
			<property name="submenuVisibility">dvd</property>
			<visible>StringCompare(System.ProfileName,Master user)</visible>
			<visible>System.HasMediaDVD</visible>
			<property name="hasSubmenu">True</property>
			<onclick condition="StringCompare(Window(10000).Property(submenuVisibility),dvd)">XBMC.PlayDVD()</onclick>
		</item>
		<item id="1">
			<onclick>EjectTray()</onclick>
			<label>Espelli Vassoio</label>
			<label2>Scorciatoia comune</label2>
			<icon>DefaultShortcut.png</icon>
			<thumb />
			<property name="labelID">32033</property>
			<property name="group">dvd</property>
			<visible>StringCompare(System.ProfileName,Master user) + [StringCompare(Window(10000).Property(submenuVisibility),dvd)]</visible>
			<property name="isSubmenu">True</property>
		</item>
	</include>
	<include name="skinshortcuts-group-video">
		<item id="1">
			<onclick>ActivateWindow(Favourites)</onclick>
			<label>Preferiti</label>
			<label2>Scorciatoia comune</label2>
			<icon>DefaultShortcut.png</icon>
			<thumb />
			<property name="labelID">1036</property>
			<property name="group">video</property>
			<visible>StringCompare(System.ProfileName,Master user)</visible>
		</item>
		<item id="2">
			<onclick>ActivateWindow(10025,"plugin://plugin.video.raitv",return)</onclick>
			<label>Rai Replay</label>
			<label2>Add-on Video</label2>
			<icon>DefaultShortcut.png</icon>
			<thumb>image://D%3a%5cXBMC_Gotham%5cportable_data%5caddons%5cplugin.video.raitv%5cicon.png/</thumb>
			<property name="labelID">raireplay</property>
			<property name="group">video</property>
			<visible>StringCompare(System.ProfileName,Master user)</visible>
		</item>
		<item id="3">
			<onclick>ActivateWindow(10025,"plugin://plugin.video.youtube",return)</onclick>
			<label>YouTube</label>
			<label2>Add-on Video</label2>
			<icon>DefaultShortcut.png</icon>
			<thumb>image://D%3a%5cXBMC_Gotham%5cportable_data%5caddons%5cplugin.video.youtube%5cicon.png/</thumb>
			<property name="labelID">youtube</property>
			<property name="group">video</property>
			<visible>StringCompare(System.ProfileName,Master user)</visible>
		</item>
		<item id="4">
			<onclick>ActivateWindow(10025,"plugin://plugin.video.SportsDevil",return)</onclick>
			<label>SportsDevil</label>
			<label2>Add-on Video</label2>
			<icon>DefaultShortcut.png</icon>
			<thumb>image://D%3a%5cXBMC_Gotham%5cportable_data%5caddons%5cplugin.video.SportsDevil%5cicon.png/</thumb>
			<property name="labelID">sportsdevil</property>
			<property name="group">video</property>
			<visible>StringCompare(System.ProfileName,Master user)</visible>
		</item>
		<item id="5">
			<onclick>ActivateWindow(Videos,Addons,return)</onclick>
			<label>Addon video</label>
			<label2>Video</label2>
			<icon>DefaultShortcut.png</icon>
			<thumb />
			<property name="labelID">1037</property>
			<property name="group">video</property>
			<visible>StringCompare(System.ProfileName,Master user)</visible>
		</item>
	</include>
	<include name="skinshortcuts-group-alt-video">
		<item id="1">
			<onclick>ActivateWindow(Favourites)</onclick>
			<label>Preferiti</label>
			<label2>Scorciatoia comune</label2>
			<icon>DefaultShortcut.png</icon>
			<thumb />
			<property name="labelID">1036</property>
			<property name="group">video</property>
			<visible>StringCompare(System.ProfileName,Master user) + [StringCompare(Window(10000).Property(submenuVisibility),video)]</visible>
			<property name="isSubmenu">True</property>
		</item>
		<item id="2">
			<onclick>ActivateWindow(10025,"plugin://plugin.video.raitv",return)</onclick>
			<label>Rai Replay</label>
			<label2>Add-on Video</label2>
			<icon>DefaultShortcut.png</icon>
			<thumb>image://D%3a%5cXBMC_Gotham%5cportable_data%5caddons%5cplugin.video.raitv%5cicon.png/</thumb>
			<property name="labelID">raireplay</property>
			<property name="group">video</property>
			<visible>StringCompare(System.ProfileName,Master user) + [StringCompare(Window(10000).Property(submenuVisibility),video)]</visible>
			<property name="isSubmenu">True</property>
		</item>
		<item id="3">
			<onclick>ActivateWindow(10025,"plugin://plugin.video.youtube",return)</onclick>
			<label>YouTube</label>
			<label2>Add-on Video</label2>
			<icon>DefaultShortcut.png</icon>
			<thumb>image://D%3a%5cXBMC_Gotham%5cportable_data%5caddons%5cplugin.video.youtube%5cicon.png/</thumb>
			<property name="labelID">youtube</property>
			<property name="group">video</property>
			<visible>StringCompare(System.ProfileName,Master user) + [StringCompare(Window(10000).Property(submenuVisibility),video)]</visible>
			<property name="isSubmenu">True</property>
		</item>
		<item id="4">
			<onclick>ActivateWindow(10025,"plugin://plugin.video.SportsDevil",return)</onclick>
			<label>SportsDevil</label>
			<label2>Add-on Video</label2>
			<icon>DefaultShortcut.png</icon>
			<thumb>image://D%3a%5cXBMC_Gotham%5cportable_data%5caddons%5cplugin.video.SportsDevil%5cicon.png/</thumb>
			<property name="labelID">sportsdevil</property>
			<property name="group">video</property>
			<visible>StringCompare(System.ProfileName,Master user) + [StringCompare(Window(10000).Property(submenuVisibility),video)]</visible>
			<property name="isSubmenu">True</property>
		</item>
		<item id="5">
			<onclick>ActivateWindow(Videos,Addons,return)</onclick>
			<label>Addon video</label>
			<label2>Video</label2>
			<icon>DefaultShortcut.png</icon>
			<thumb />
			<property name="labelID">1037</property>
			<property name="group">video</property>
			<visible>StringCompare(System.ProfileName,Master user) + [StringCompare(Window(10000).Property(submenuVisibility),video)]</visible>
			<property name="isSubmenu">True</property>
		</item>
	</include>
	<include name="skinshortcuts-group-movies">
		<item id="1">
			<onclick>ActivateWindow(VideoLibrary,D:\XBMC_Gotham\portable_data\addons\skin.refless\playlists\video/movies-in progress.xsp, return)</onclick>
			<label>In Progress</label>
			<label2>Skin della playlist</label2>
			<icon>DefaultPlaylist.png</icon>
			<thumb />
			<property name="labelID">inprogress</property>
			<property name="group">movies</property>
			<visible>StringCompare(System.ProfileName,Master user)</visible>
		</item>
		<item id="2">
			<onclick>ActivateWindow(Videos,MovieTitles,return)</onclick>
			<label>Titolo</label>
			<label2>::LOCAL::342</label2>
			<icon>DefaultShortcut.png</icon>
			<thumb />
			<property name="labelID">369</property>
			<property name="group">movies</property>
			<visible>StringCompare(System.ProfileName,Master user)</visible>
		</item>
		<item id="3">
			<onclick>ActivateWindow(Videos,MovieDirectors,return)</onclick>
			<label>Registi</label>
			<label2>::LOCAL::342</label2>
			<icon>DefaultShortcut.png</icon>
			<thumb />
			<property name="labelID">20348</property>
			<property name="group">movies</property>
			<visible>StringCompare(System.ProfileName,Master user)</visible>
		</item>
		<item id="4">
			<onclick>ActivateWindow(Videos,MovieActors,return)</onclick>
			<label>Attori</label>
			<label2>::LOCAL::342</label2>
			<icon>DefaultActor.png</icon>
			<thumb />
			<property name="labelID">344</property>
			<property name="group">movies</property>
			<visible>StringCompare(System.ProfileName,Master user)</visible>
		</item>
		<item id="5">
			<onclick>ActivateWindow(Videos,MovieGenres,return)</onclick>
			<label>Generi</label>
			<label2>::LOCAL::342</label2>
			<icon>DefaultShortcut.png</icon>
			<thumb />
			<property name="labelID">135</property>
			<property name="group">movies</property>
			<visible>StringCompare(System.ProfileName,Master user)</visible>
		</item>
		<item id="6">
			<onclick>ActivateWindow(Videos,MovieSets,return)</onclick>
			<label>Set</label>
			<label2>::LOCAL::342</label2>
			<icon>DefaultShortcut.png</icon>
			<thumb />
			<property name="labelID">20434</property>
			<property name="group">movies</property>
			<visible>StringCompare(System.ProfileName,Master user)</visible>
		</item>
		<item id="7">
			<onclick>ActivateWindow(VideoLibrary,D:\XBMC_Gotham\portable_data\addons\skin.reflex\playlists\video/movies-Top250.xsp, return)</onclick>
			<label>Top250</label>
			<label2>Skin della playlist</label2>
			<icon>DefaultShortcut.png</icon>
			<thumb />
			<property name="labelID">top250</property>
			<property name="group">movies</property>
			<visible>StringCompare(System.ProfileName,Master user)</visible>
		</item>
	</include>
	<include name="skinshortcuts-group-alt-movies">
		<item id="1">
			<onclick>ActivateWindow(VideoLibrary,D:\XBMC_Gotham\portable_data\addons\skin.refless\playlists\video/movies-in progress.xsp, return)</onclick>
			<label>In Progress</label>
			<label2>Skin della playlist</label2>
			<icon>DefaultPlaylist.png</icon>
			<thumb />
			<property name="labelID">inprogress</property>
			<property name="group">movies</property>
			<visible>StringCompare(System.ProfileName,Master user) + [StringCompare(Window(10000).Property(submenuVisibility),movies)]</visible>
			<property name="isSubmenu">True</property>
		</item>
		<item id="2">
			<onclick>ActivateWindow(Videos,MovieTitles,return)</onclick>
			<label>Titolo</label>
			<label2>::LOCAL::342</label2>
			<icon>DefaultShortcut.png</icon>
			<thumb />
			<property name="labelID">369</property>
			<property name="group">movies</property>
			<visible>StringCompare(System.ProfileName,Master user) + [StringCompare(Window(10000).Property(submenuVisibility),movies)]</visible>
			<property name="isSubmenu">True</property>
		</item>
		<item id="3">
			<onclick>ActivateWindow(Videos,MovieDirectors,return)</onclick>
			<label>Registi</label>
			<label2>::LOCAL::342</label2>
			<icon>DefaultShortcut.png</icon>
			<thumb />
			<property name="labelID">20348</property>
			<property name="group">movies</property>
			<visible>StringCompare(System.ProfileName,Master user) + [StringCompare(Window(10000).Property(submenuVisibility),movies)]</visible>
			<property name="isSubmenu">True</property>
		</item>
		<item id="4">
			<onclick>ActivateWindow(Videos,MovieActors,return)</onclick>
			<label>Attori</label>
			<label2>::LOCAL::342</label2>
			<icon>DefaultActor.png</icon>
			<thumb />
			<property name="labelID">344</property>
			<property name="group">movies</property>
			<visible>StringCompare(System.ProfileName,Master user) + [StringCompare(Window(10000).Property(submenuVisibility),movies)]</visible>
			<property name="isSubmenu">True</property>
		</item>
		<item id="5">
			<onclick>ActivateWindow(Videos,MovieGenres,return)</onclick>
			<label>Generi</label>
			<label2>::LOCAL::342</label2>
			<icon>DefaultShortcut.png</icon>
			<thumb />
			<property name="labelID">135</property>
			<property name="group">movies</property>
			<visible>StringCompare(System.ProfileName,Master user) + [StringCompare(Window(10000).Property(submenuVisibility),movies)]</visible>
			<property name="isSubmenu">True</property>
		</item>
		<item id="6">
			<onclick>ActivateWindow(Videos,MovieSets,return)</onclick>
			<label>Set</label>
			<label2>::LOCAL::342</label2>
			<icon>DefaultShortcut.png</icon>
			<thumb />
			<property name="labelID">20434</property>
			<property name="group">movies</property>
			<visible>StringCompare(System.ProfileName,Master user) + [StringCompare(Window(10000).Property(submenuVisibility),movies)]</visible>
			<property name="isSubmenu">True</property>
		</item>
		<item id="7">
			<onclick>ActivateWindow(VideoLibrary,D:\XBMC_Gotham\portable_data\addons\skin.reflex\playlists\video/movies-Top250.xsp, return)</onclick>
			<label>Top250</label>
			<label2>Skin della playlist</label2>
			<icon>DefaultShortcut.png</icon>
			<thumb />
			<property name="labelID">top250</property>
			<property name="group">movies</property>
			<visible>StringCompare(System.ProfileName,Master user) + [StringCompare(Window(10000).Property(submenuVisibility),movies)]</visible>
			<property name="isSubmenu">True</property>
		</item>
	</include>
	<include name="skinshortcuts-group-tvshows">
		<item id="1">
			<onclick>ActivateWindow(Videos,RecentlyAddedEpisodes,return)</onclick>
			<label>Episodi recenti</label>
			<label2>Video</label2>
			<icon>DefaultShortcut.png</icon>
			<thumb />
			<property name="labelID">episodirecenti</property>
			<property name="group">tvshows</property>
			<visible>StringCompare(System.ProfileName,Master user)</visible>
		</item>
		<item id="2">
			<onclick>ActivateWindow(Videos,TvShowTitles,return)</onclick>
			<label>Titolo</label>
			<label2>::LOCAL::20343</label2>
			<icon>DefaultShortcut.png</icon>
			<thumb />
			<property name="labelID">369</property>
			<property name="group">tvshows</property>
			<visible>StringCompare(System.ProfileName,Master user)</visible>
		</item>
		<item id="3">
			<onclick>ActivateWindow(Videos,TvShowGenres,return)</onclick>
			<label>Generi</label>
			<label2>::LOCAL::20343</label2>
			<icon>DefaultShortcut.png</icon>
			<thumb />
			<property name="labelID">135</property>
			<property name="group">tvshows</property>
			<visible>StringCompare(System.ProfileName,Master user)</visible>
		</item>
		<item id="4">
			<onclick>ActivateWindow(Videos,TvShowYears,return)</onclick>
			<label>Anno</label>
			<label2>::LOCAL::20343</label2>
			<icon>DefaultShortcut.png</icon>
			<thumb />
			<property name="labelID">562</property>
			<property name="group">tvshows</property>
			<visible>StringCompare(System.ProfileName,Master user)</visible>
		</item>
		<item id="5">
			<onclick>ActivateWindow(Videos,TvShowActors,return)</onclick>
			<label>Attori</label>
			<label2>::LOCAL::20343</label2>
			<icon>DefaultActor.png</icon>
			<thumb />
			<property name="labelID">344</property>
			<property name="group">tvshows</property>
			<visible>StringCompare(System.ProfileName,Master user)</visible>
		</item>
	</include>
	<include name="skinshortcuts-group-alt-tvshows">
		<item id="1">
			<onclick>ActivateWindow(Videos,RecentlyAddedEpisodes,return)</onclick>
			<label>Episodi recenti</label>
			<label2>Video</label2>
			<icon>DefaultShortcut.png</icon>
			<thumb />
			<property name="labelID">episodirecenti</property>
			<property name="group">tvshows</property>
			<visible>StringCompare(System.ProfileName,Master user) + [StringCompare(Window(10000).Property(submenuVisibility),tvshows)]</visible>
			<property name="isSubmenu">True</property>
		</item>
		<item id="2">
			<onclick>ActivateWindow(Videos,TvShowTitles,return)</onclick>
			<label>Titolo</label>
			<label2>::LOCAL::20343</label2>
			<icon>DefaultShortcut.png</icon>
			<thumb />
			<property name="labelID">369</property>
			<property name="group">tvshows</property>
			<visible>StringCompare(System.ProfileName,Master user) + [StringCompare(Window(10000).Property(submenuVisibility),tvshows)]</visible>
			<property name="isSubmenu">True</property>
		</item>
		<item id="3">
			<onclick>ActivateWindow(Videos,TvShowGenres,return)</onclick>
			<label>Generi</label>
			<label2>::LOCAL::20343</label2>
			<icon>DefaultShortcut.png</icon>
			<thumb />
			<property name="labelID">135</property>
			<property name="group">tvshows</property>
			<visible>StringCompare(System.ProfileName,Master user) + [StringCompare(Window(10000).Property(submenuVisibility),tvshows)]</visible>
			<property name="isSubmenu">True</property>
		</item>
		<item id="4">
			<onclick>ActivateWindow(Videos,TvShowYears,return)</onclick>
			<label>Anno</label>
			<label2>::LOCAL::20343</label2>
			<icon>DefaultShortcut.png</icon>
			<thumb />
			<property name="labelID">562</property>
			<property name="group">tvshows</property>
			<visible>StringCompare(System.ProfileName,Master user) + [StringCompare(Window(10000).Property(submenuVisibility),tvshows)]</visible>
			<property name="isSubmenu">True</property>
		</item>
		<item id="5">
			<onclick>ActivateWindow(Videos,TvShowActors,return)</onclick>
			<label>Attori</label>
			<label2>::LOCAL::20343</label2>
			<icon>DefaultActor.png</icon>
			<thumb />
			<property name="labelID">344</property>
			<property name="group">tvshows</property>
			<visible>StringCompare(System.ProfileName,Master user) + [StringCompare(Window(10000).Property(submenuVisibility),tvshows)]</visible>
			<property name="isSubmenu">True</property>
		</item>
	</include>
	<include name="skinshortcuts-group-musica">
		<item id="1">
			<onclick>ActivateWindow(MusicLibrary,Artists,return)</onclick>
			<label>Artisti</label>
			<label2>Musica</label2>
			<icon>DefaultShortcut.png</icon>
			<thumb />
			<property name="labelID">133</property>
			<property name="group">musica</property>
			<visible>StringCompare(System.ProfileName,Master user)</visible>
			<visible>Library.HasContent(Music)</visible>
		</item>
		<item id="2">
			<onclick>ActivateWindow(MusicLibrary,Albums,return)</onclick>
			<label>Album</label>
			<label2>Musica</label2>
			<icon>DefaultShortcut.png</icon>
			<thumb />
			<property name="labelID">132</property>
			<property name="group">musica</property>
			<visible>StringCompare(System.ProfileName,Master user)</visible>
			<visible>Library.HasContent(Music)</visible>
		</item>
		<item id="3">
			<onclick>ActivateWindow(MusicLibrary,Songs,return)</onclick>
			<label>Canzoni</label>
			<label2>Musica</label2>
			<icon>DefaultShortcut.png</icon>
			<thumb />
			<property name="labelID">134</property>
			<property name="group">musica</property>
			<visible>StringCompare(System.ProfileName,Master user)</visible>
			<visible>Library.HasContent(Music)</visible>
		</item>
	</include>
	<include name="skinshortcuts-group-alt-musica">
		<item id="1">
			<onclick>ActivateWindow(MusicLibrary,Artists,return)</onclick>
			<label>Artisti</label>
			<label2>Musica</label2>
			<icon>DefaultShortcut.png</icon>
			<thumb />
			<property name="labelID">133</property>
			<property name="group">musica</property>
			<visible>StringCompare(System.ProfileName,Master user) + [StringCompare(Window(10000).Property(submenuVisibility),musica)]</visible>
			<property name="isSubmenu">True</property>
			<visible>Library.HasContent(Music)</visible>
		</item>
		<item id="2">
			<onclick>ActivateWindow(MusicLibrary,Albums,return)</onclick>
			<label>Album</label>
			<label2>Musica</label2>
			<icon>DefaultShortcut.png</icon>
			<thumb />
			<property name="labelID">132</property>
			<property name="group">musica</property>
			<visible>StringCompare(System.ProfileName,Master user) + [StringCompare(Window(10000).Property(submenuVisibility),musica)]</visible>
			<property name="isSubmenu">True</property>
			<visible>Library.HasContent(Music)</visible>
		</item>
		<item id="3">
			<onclick>ActivateWindow(MusicLibrary,Songs,return)</onclick>
			<label>Canzoni</label>
			<label2>Musica</label2>
			<icon>DefaultShortcut.png</icon>
			<thumb />
			<property name="labelID">134</property>
			<property name="group">musica</property>
			<visible>StringCompare(System.ProfileName,Master user) + [StringCompare(Window(10000).Property(submenuVisibility),musica)]</visible>
			<property name="isSubmenu">True</property>
			<visible>Library.HasContent(Music)</visible>
		</item>
	</include>
	<include name="skinshortcuts-group-more">
		<item id="1">
			<onclick>ActivateWindow(Weather)</onclick>
			<label>Meteo</label>
			<label2>Scorciatoia comune</label2>
			<icon>DefaultShortcut.png</icon>
			<thumb />
			<property name="labelID">weather</property>
			<property name="group">more...</property>
			<visible>StringCompare(System.ProfileName,Master user)</visible>
			<visible>!IsEmpty(Weather.Plugin)</visible>
		</item>
		<item id="2">
			<onclick>ActivateWindow(Pictures)</onclick>
			<label>Immagini</label>
			<label2>Scorciatoia comune</label2>
			<icon>DefaultPicture.png</icon>
			<thumb />
			<property name="labelID">pictures</property>
			<property name="group">more...</property>
			<visible>StringCompare(System.ProfileName,Master user)</visible>
		</item>
		<item id="3">
			<onclick>ActivateWindow(Programs,Addons,return)</onclick>
			<label>Programmi</label>
			<label2>Scorciatoia comune</label2>
			<icon>DefaultShortcut.png</icon>
			<thumb />
			<property name="labelID">programs</property>
			<property name="group">more...</property>
			<visible>StringCompare(System.ProfileName,Master user)</visible>
		</item>
		<item id="4">
			<onclick>ActivateWindow(64)</onclick>
			<label>Cerca</label>
			<label2>Scorciatoia personalizzata</label2>
			<icon>DefaultShortcut.png</icon>
			<thumb />
			<property name="labelID">cerca</property>
			<property name="group">more...</property>
			<visible>StringCompare(System.ProfileName,Master user)</visible>
		</item>
		<item id="5">
			<onclick>ActivateWindow(Settings)</onclick>
			<label>Impostazioni</label>
			<label2>Scorciatoia comune</label2>
			<icon>DefaultShortcut.png</icon>
			<thumb />
			<property name="labelID">settings</property>
			<property name="group">more...</property>
			<visible>StringCompare(System.ProfileName,Master user)</visible>
		</item>
		<item id="6">
			<onclick>ActivateWindow(FileManager)</onclick>
			<label>FileManager</label>
			<label2>Scorciatoia comune</label2>
			<icon>DefaultShortcut.png</icon>
			<thumb />
			<property name="labelID">filemanager</property>
			<property name="group">more...</property>
			<visible>StringCompare(System.ProfileName,Master user)</visible>
		</item>
	</include>
	<include name="skinshortcuts-group-alt-more">
		<item id="1">
			<onclick>ActivateWindow(Weather)</onclick>
			<label>Meteo</label>
			<label2>Scorciatoia comune</label2>
			<icon>DefaultShortcut.png</icon>
			<thumb />
			<property name="labelID">weather</property>
			<property name="group">more...</property>
			<visible>StringCompare(System.ProfileName,Master user) + [StringCompare(Window(10000).Property(submenuVisibility),more)]</visible>
			<property name="isSubmenu">True</property>
			<visible>!IsEmpty(Weather.Plugin)</visible>
		</item>
		<item id="2">
			<onclick>ActivateWindow(Pictures)</onclick>
			<label>Immagini</label>
			<label2>Scorciatoia comune</label2>
			<icon>DefaultPicture.png</icon>
			<thumb />
			<property name="labelID">pictures</property>
			<property name="group">more...</property>
			<visible>StringCompare(System.ProfileName,Master user) + [StringCompare(Window(10000).Property(submenuVisibility),more)]</visible>
			<property name="isSubmenu">True</property>
		</item>
		<item id="3">
			<onclick>ActivateWindow(Programs,Addons,return)</onclick>
			<label>Programmi</label>
			<label2>Scorciatoia comune</label2>
			<icon>DefaultShortcut.png</icon>
			<thumb />
			<property name="labelID">programs</property>
			<property name="group">more...</property>
			<visible>StringCompare(System.ProfileName,Master user) + [StringCompare(Window(10000).Property(submenuVisibility),more)]</visible>
			<property name="isSubmenu">True</property>
		</item>
		<item id="4">
			<onclick>ActivateWindow(64)</onclick>
			<label>Cerca</label>
			<label2>Scorciatoia personalizzata</label2>
			<icon>DefaultShortcut.png</icon>
			<thumb />
			<property name="labelID">cerca</property>
			<property name="group">more...</property>
			<visible>StringCompare(System.ProfileName,Master user) + [StringCompare(Window(10000).Property(submenuVisibility),more)]</visible>
			<property name="isSubmenu">True</property>
		</item>
		<item id="5">
			<onclick>ActivateWindow(Settings)</onclick>
			<label>Impostazioni</label>
			<label2>Scorciatoia comune</label2>
			<icon>DefaultShortcut.png</icon>
			<thumb />
			<property name="labelID">settings</property>
			<property name="group">more...</property>
			<visible>StringCompare(System.ProfileName,Master user) + [StringCompare(Window(10000).Property(submenuVisibility),more)]</visible>
			<property name="isSubmenu">True</property>
		</item>
		<item id="6">
			<onclick>ActivateWindow(FileManager)</onclick>
			<label>FileManager</label>
			<label2>Scorciatoia comune</label2>
			<icon>DefaultShortcut.png</icon>
			<thumb />
			<property name="labelID">filemanager</property>
			<property name="group">more...</property>
			<visible>StringCompare(System.ProfileName,Master user) + [StringCompare(Window(10000).Property(submenuVisibility),more)]</visible>
			<property name="isSubmenu">True</property>
		</item>
	</include>
	<include name="skinshortcuts-group-dvd">
		<item id="1">
			<onclick>EjectTray()</onclick>
			<label>Espelli Vassoio</label>
			<label2>Scorciatoia comune</label2>
			<icon>DefaultShortcut.png</icon>
			<thumb />
			<property name="labelID">32033</property>
			<property name="group">dvd</property>
			<visible>StringCompare(System.ProfileName,Master user)</visible>
		</item>
	</include>
	<include name="skinshortcuts-group-alt-dvd">
		<item id="1">
			<onclick>EjectTray()</onclick>
			<label>Espelli Vassoio</label>
			<label2>Scorciatoia comune</label2>
			<icon>DefaultShortcut.png</icon>
			<thumb />
			<property name="labelID">32033</property>
			<property name="group">dvd</property>
			<visible>StringCompare(System.ProfileName,Master user) + [StringCompare(Window(10000).Property(submenuVisibility),dvd)]</visible>
			<property name="isSubmenu">True</property>
		</item>
	</include>
</includes>
