<?xml version="1.0" encoding="UTF-8"?>
<window>
	<defaultcontrol>3</defaultcontrol>
	<allowoverlay>yes</allowoverlay>
	<controls>
		<include>global_Background</include>
		<include>global_Includes</include>
		<include>global_MenuGuide</include>
		<include>windowTitle_System</include>
		<!--trigger-->
		<control type="button" id="50">
			<label>-</label>
			<onup>3</onup>
			<onfocus>SetFocus(3)</onfocus>
			<onleft>3</onleft>
			<onright>3</onright>
			<width>500</width>
			<visible allowhiddenfocus="true">false</visible>
		</control>
		<control type="group">
			<left>65</left>
			<top>90</top>
			<include>toggle_Menu</include>
			<include>transition_Content</include>
			<!--button area-->
			<control type="grouplist" id="3">
				<width>300</width>
				<height>410</height>
				<itemgap>2</itemgap>
				<onleft>6000</onleft>
				<onright>5</onright>
				<onup>3</onup>
				<ondown>3</ondown>
			</control>
			<!--control area-->
			<control type="grouplist" id="5">
				<left>302</left>
				<width>850</width>
				<height>598</height>
				<itemgap>2</itemgap>
				<onleft>3</onleft>
				<onright>70</onright>
				<onup>5</onup>
				<ondown>5</ondown>
				<pagecontrol>70</pagecontrol>
			</control>
		</control>
		<!--defaults-->
		<control type="button" id="7">
			<include>settings_Listbutton</include>
		</control>
		<control type="radiobutton" id="8">
			<include>settings_Radiobutton</include>
		</control>
		<control type="spincontrolex" id="9">
			<include>settings_Listbutton</include>
		</control>
		<control type="button" id="10">
			<label>$LOCALIZE[224]</label>
			<include>settings_Menu</include>
		</control>
		<!--scrollbars-->
		<include>PageControls</include>
		<!--menu-->
		<include>menu_Settings</include>
	</controls>
</window>