<?xml version="1.0" encoding="UTF-8"?>
<window>
	<defaultcontrol always="true">9001</defaultcontrol>
	<allowoverlay>no</allowoverlay>
	<include>transition_Dialog</include>
	<coordinates>
		<system>1</system>
		<left>390</left>
		<top>200</top>
	</coordinates>
	<controls>
		<control type="group">
			<control type="image">
				<width>500</width>
				<height>264</height>
				<include>dialog_Window</include>
			</control>
			<control type="label" id="1">
				<width>492</width>
				<label>21421</label>
				<include>dialog_Windowtitle</include>
			</control>
			<control type="group" id="9001">
				<left>4</left>
				<top>60</top>
				<control type="image">
					<width>492</width>
					<include>dialog_Separator</include>
				</control>
				<!--rule-->
				<control type="spincontrolex" id="15">
					<width>492</width>
					<onright>16</onright>
					<onleft>16</onleft>
					<onup>9000</onup>
					<ondown>16</ondown>
					<include>dialog_ControlCommons</include>
					<include>dialog_Spin</include>
				</control>
				<!--rule operator-->
				<control type="spincontrolex" id="16">
					<top>40</top>
					<width>492</width>
					<onright>15</onright>
					<onleft>15</onleft>
					<onup>15</onup>
					<ondown>17</ondown>
					<include>dialog_ControlCommons</include>
					<include>dialog_Spin</include>
				</control>
				<!--value-->
				<control type="group">
					<top>80</top>
					<control type="edit" id="17">
						<width>371</width>
						<height>40</height>
						<onup>16</onup>
						<onleft>noop</onleft>
						<onright>20</onright>
						<ondown>9000</ondown>
						<textoffsetx>10</textoffsetx>
						<include>dialog_ControlCommons</include>
					</control>
					<control type="image">
						<left>371</left>
						<height>40</height>
						<include>dialog_Separator-y</include>
					</control>
					<!--browse-->
					<control type="button" id="20">
						<left>372</left>
						<top>0</top>
						<width>120</width>
						<align>center</align>
						<label>$LOCALIZE[1024]</label>
						<onup>16</onup>
						<onleft>17</onleft>
						<onright>17</onright>
						<ondown>9000</ondown>
						<include>dialog_ControlCommons</include>
					</control>
				</control>
			</control>
			<control type="group" id="9000">
				<left>226</left>
				<top>200</top>
				<control type="button" id="18">
					<!--ok-->
					<label>$LOCALIZE[186]</label>
					<onup>20</onup>
					<onleft>19</onleft>
					<onright>19</onright>
					<ondown>15</ondown>
					<include>dialog_WindowButton</include>
				</control>
				<control type="button" id="19">
					<!--cancel-->
					<left>130</left>
					<label>$LOCALIZE[222]</label>
					<onup>20</onup>
					<onleft>18</onleft>
					<onright>18</onright>
					<ondown>15</ondown>
					<include>dialog_WindowButton</include>
				</control>
			</control>
		</control>
	</controls>
</window>