<?xml version="1.0" encoding="UTF-8"?>
<includes>
	<!--STARTUP-->
	<variable name="startup_Status">
		<value condition="IsEmpty(Window(Home).Property(script.grab.fanart.Ready))">$LOCALIZE[31707]</value>
		<value>$LOCALIZE[31717]</value>
	</variable>
	<!--HOME-->
	<variable name="home_MenuType">
		<value condition="StringCompare(Skin.String(homemenu.type),vertical)">$LOCALIZE[31207]</value>
		<value condition="StringCompare(Skin.String(homemenu.type),horizontal)">$LOCALIZE[31208]</value>
		<value>$LOCALIZE[31207]</value>
	</variable>
	<variable name="home_Background">
		<value condition="Skin.String(HomeBackground,multi) + !IsEmpty(Skin.String(home.background.folder))">$INFO[Skin.String(home.background.folder)]</value>
		<value condition="Skin.String(HomeBackground,fanart) + Skin.String(fanarttype.video,true)">$INFO[Window(Home).Property(script.grab.fanart.Video.FanArt)]</value>
		<value condition="Skin.String(HomeBackground,fanart) + Skin.String(fanarttype.music,true)">$INFO[Window(Home).Property(script.grab.fanart.Music.FanArt)]</value>
		<value condition="Skin.String(HomeBackground,fanart) + Skin.String(fanarttype.mixed,true)">$INFO[Window(Home).Property(script.grab.fanart.Global.FanArt)]</value>
	</variable>
	<variable name="home_SlideshowInfo">
		<value condition="Skin.String(fanarttype.video,true) + Skin.String(fanartinfo.text,true)">$INFO[Window(Home).Property(script.grab.fanart.Video.Title)]</value>
		<value condition="Skin.String(fanarttype.music,true) + Skin.String(fanartinfo.text,true)">$INFO[Window(Home).Property(script.grab.fanart.Music.Title)]</value>
		<value condition="Skin.String(fanarttype.mixed,true) + Skin.String(fanartinfo.text,true)">$INFO[Window(Home).Property(script.grab.fanart.Global.Title)]</value>
	</variable>
	<!--LEFTMENU and BACKGROUND-->
	<variable name="view_Layout">
		<value condition="Control.IsVisible(57)">$LOCALIZE[31120]: $LOCALIZE[31123]</value>
		<value condition="Control.IsVisible(571)">$LOCALIZE[31120]: $LOCALIZE[31124]</value>
		<value condition="Control.IsVisible(572)">$LOCALIZE[31120]: $LOCALIZE[31123]</value>
		<value condition="Control.IsVisible(574)">$LOCALIZE[31120]: $LOCALIZE[31124]</value>
	</variable>
	<variable name="playing_Title">
		<value condition="Player.HasVideo">$LOCALIZE[31125]</value>
		<value condition="Player.HasAudio | !Player.HasMedia">$LOCALIZE[13350]</value>
	</variable>
	<variable name="menu_Controls">
		<value condition="StringCompare(Skin.String(menu.controls),player)">$LOCALIZE[31285]</value>
		<value>$LOCALIZE[36502]</value>
	</variable>
	<variable name="label_BgType">
		<value condition="StringCompare(Skin.String(bgvideo.type),fanart)">fanart</value>
		<value condition="StringCompare(Skin.String(bgvideo.type),curtains)">curtains</value>
		<value>fanart</value>
	</variable>
	<variable name="video_BgType">
		<value condition="StringCompare(Skin.String(bgvideo.type),fanart)">$INFO[ListItem.Property(Fanart_Image)]</value>
		<value condition="StringCompare(Skin.String(bgvideo.type),curtains)">special://skin/backgrounds/fallback_movies.jpg</value>
	</variable>
	<variable name="label_AlphaType">
		<value condition="StringCompare(Skin.String(alphavideo.type),100)">100%</value>
		<value condition="StringCompare(Skin.String(alphavideo.type),90)">90%</value>
		<value condition="StringCompare(Skin.String(alphavideo.type),80)">80%</value>
		<value condition="StringCompare(Skin.String(alphavideo.type),50)">50%</value>
		<value condition="StringCompare(Skin.String(alphavideo.type),25)">25%</value>
		<value condition="StringCompare(Skin.String(alphavideo.type),0)">0%</value>
	</variable>
	<variable name="video_AlphaType">
		<value condition="StringCompare(Skin.String(alphavideo.type),100)">base1_ff</value>
		<value condition="StringCompare(Skin.String(alphavideo.type),90)">base1_e6</value>
		<value condition="StringCompare(Skin.String(alphavideo.type),80)">base1_cc</value>
		<value condition="StringCompare(Skin.String(alphavideo.type),50)">base1_80</value>
		<value condition="StringCompare(Skin.String(alphavideo.type),25)">base1_40</value>
		<value condition="StringCompare(Skin.String(alphavideo.type),0)">base1_00</value>
	</variable>
	<variable name="global_Background">
		<value condition="[Window.IsActive(VideoLibrary) | Window.IsActive(Videos)]">special://skin/backgrounds/video.jpg</value>
		<value condition="[Window.IsActive(musicfiles) | Window.IsActive(musiclibrary) | Window.IsActive(musicplaylisteditor)]">special://skin/backgrounds/music.jpg</value>
		<value condition="Window.IsActive(pictures)">special://skin/backgrounds/pictures.jpg</value>
		<value condition="Window.IsActive(programs) | Window.IsActive(addonbrowser)">special://skin/backgrounds/addons.jpg</value>
		<value condition="Window.IsActive(weather)">special://skin/backgrounds/weather.jpg</value>
		<value condition="Window.IsActive(settings) | Window.IsActive(SettingsCategory.xml) | Window.IsActive(filemanager) | Window.IsActive(systeminfo) | Window.IsActive(profiles) | Window.IsActive(skinsettings)">special://skin/backgrounds/settings.jpg</value>
	</variable>

	<!--TOAST-->
	<variable name="toast_Video">
		<value condition="VideoPlayer.Content(episodes) + !IsEmpty(VideoPlayer.TVShowTitle)">$INFO[VideoPlayer.TVShowTitle]</value>
		<value condition="VideoPlayer.Content(movies) + !IsEmpty(VideoPlayer.Director)">$INFO[VideoPlayer.Director]</value>
		<value condition="VideoPlayer.Content(musicvideos) + !IsEmpty(VideoPlayer.Artist)">$INFO[VideoPlayer.Artist]</value>
		<value>$INFO[VideoPlayer.Duration,, $LOCALIZE[31701]]</value>
	</variable>
	<variable name="toast_Music">
		<value condition="!Player.IsInternetStream">$INFO[MusicPlayer.Artist]</value>
		<value>$INFO[MusicPlayer.Duration,, $LOCALIZE[31701]]</value>
	</variable>
	<!--CONFIRM DIALOG-->
	<variable name="confirm_Windowtitle">
		<value condition="StringCompare(Window(200).Property(ConfirmDialog),ReloadSkin)">$LOCALIZE[20183]</value>
		<value condition="StringCompare(Window(200).Property(ConfirmDialog),ResetSettings)">$LOCALIZE[10035]</value>
	</variable>
	<variable name="confirm_Textbox">
		<value condition="StringCompare(Window(200).Property(ConfirmDialog),ReloadSkin)">$LOCALIZE[31714][CR]$LOCALIZE[31715]</value>
		<value condition="StringCompare(Window(200).Property(ConfirmDialog),ResetSettings)">$LOCALIZE[31716][CR]$LOCALIZE[750]</value>
	</variable>
	<!--GLOBAL-->
	<variable name="global_Itemcount">
		<value condition="[Window.IsActive(programs) | Window.IsActive(pictures) | Window.IsActive(musiclibrary) | Window.IsActive(musicfiles) | Window.IsActive(videolibrary) | Window.IsActive(videoplaylist) | Window.IsActive(addonbrowser) | Window.IsActive(musicplaylist)] + ![Window.IsActive(movieinformation) | Window.IsActive(musicinformation) | Window.IsActive(script-globalsearch-main.xml)]">[B]$INFO[Container.NumItems][/B] $LOCALIZE[31143], $LOCALIZE[31144] $INFO[Container.SortMethod]</value>
		<value condition="Window.IsActive(Weather)">[B]$INFO[Window(Weather).Property(Location)][/B] $INFO[Window(Weather).Property(Updated)]</value>
		<value condition="Window.IsActive(filemanager) + Control.HasFocus(20)">[B]$INFO[Container(20).NumItems][/B] $LOCALIZE[31143]</value>
		<value condition="Window.IsActive(filemanager) + Control.HasFocus(21)">[B]$INFO[Container(21).NumItems][/B] $LOCALIZE[31143]</value>
	</variable>
	<variable name="global_Title">
		<value condition="Window.IsActive(videoplaylist) + !IsEmpty(ListItem.TVShowTitle)">$INFO[ListItem.Title]</value>
		<value condition="Window.IsActive(videoplaylist) + IsEmpty(ListItem.TVShowTitle)">$INFO[ListItem.Label]</value>
		<value condition="Container.Content(episodes) + [SubString(Container.FolderName,$LOCALIZE[20387]) | SubString(Container.FolderPath,special://skin/playlists/) | SubString(Container.FolderPath,special://profile/playlists/) | SubString(Container.FolderPath,plugin://script.watchlist/)] + !IsEmpty(ListItem.Title)">$INFO[ListItem.TVShowTitle]$INFO[ListItem.Title,: ]</value>
		<value condition="Container.Content(episodes) + !IsEmpty(ListItem.Title)">$INFO[ListItem.Title]</value>
		<value condition="Container.Content(musicvideos) + !IsEmpty(ListItem.Title)">$INFO[ListItem.Title]</value>
		<value condition="[SubString(Container.FolderPath,musicdb://singles/) | SubString(Container.FolderPath,musicdb://top100/songs/)] + !IsEmpty(ListItem.Title)">$INFO[ListItem.Title]</value>
		<value condition="Container.Content(songs) + !IsEmpty(ListItem.Title)">$INFO[ListItem.Tracknumber,,. ]$INFO[ListItem.Title]</value>
		<value>$INFO[ListItem.Label]</value>
	</variable>
	<variable name="global_EpisodeCount">
		<value condition="IntegerGreaterThan(ListItem.Property(UnWatchedEpisodes),1) | StringCompare(ListItem.Property(UnWatchedEpisodes),0)">$LOCALIZE[31148]</value>
		<value condition="StringCompare(ListItem.Property(UnWatchedEpisodes),1)">$LOCALIZE[31147]</value>
	</variable>
	<variable name="global_Info">
		<value condition="Container.Content(movies)">$VAR[video_Type,, • ]$INFO[ListItem.Year]$INFO[ListItem.Duration, • , $LOCALIZE[31701]]$INFO[ListItem.Genre, • ]</value>
		<value condition="Container.Content(sets)">$INFO[ListItem.Year]</value>
		<value condition="Container.Content(tvshows) + !IsEmpty(ListItem.Property(UnWatchedEpisodes))">$INFO[ListItem.Property(UnWatchedEpisodes)] $VAR[global_EpisodeCount]</value>
		<value condition="Container.Content(seasons) + !IsEmpty(ListItem.Property(UnWatchedEpisodes))">$INFO[ListItem.Property(UnWatchedEpisodes)] $VAR[global_EpisodeCount]</value>
		<value condition="Container.Content(seasons)">$INFO[ListItem.Genre]</value>
		<value condition="Container.Content(episodes) + ListItem.Property(IsSpecial)">$LOCALIZE[20381]$INFO[ListItem.Episode, - ]$INFO[ListItem.Premiered, • ]$VAR[video_Type, • ]</value>
		<value condition="Container.Content(episodes) + !IsEmpty(ListItem.Season)">$INFO[ListItem.Season,$LOCALIZE[20373] , - ]$INFO[ListItem.Episode,$LOCALIZE[20359] ]$INFO[ListItem.Premiered, • ]$VAR[video_Type, • ]</value>
		<value condition="Container.Content(episodes)">$INFO[ListItem.Date]$INFO[ListItem.Genre, • ]</value>
		<value condition="Container.Content(musicvideos)">$INFO[ListItem.Artist]$INFO[ListItem.Album, • ]$VAR[video_Type, • ]</value>
		<value condition="Container.Content(files) + !SubString(Container.FolderPath,plugin://)">$VAR[video_Type,, • ]$INFO[ListItem.Duration, • , $LOCALIZE[12391]]</value>
		<value condition="Container.Content(artists) + !IsEmpty(ListItem.Property(Artist_Genre))">$INFO[ListItem.Property(Artist_Genre)]</value>
		<value condition="Container.Content(artists) + !IsEmpty(ListItem.Artist)">$LOCALIZE[31145]</value>
		<value condition="Container.Content(albums)">$INFO[ListItem.Artist]$INFO[ListItem.Year, • ]</value>
		<value condition="Container.Content(songs)">$INFO[ListItem.Artist]$INFO[ListItem.FileExtension, • ]</value>
		<value condition="Container.Content(addons) + SubString(Container.FolderPath,addons://sources/)">$INFO[ListItem.Property(Addon.Summary)]</value>
		<value condition="Container.Content(addons) + [SubString(Container.FolderPath,addons://outdated/) | SubString(Container.FolderPath,//disabled/) | SubString(Container.FolderPath,//enabled/)]">$INFO[ListItem.Property(Addon.Version),$LOCALIZE[24051] ]</value>
		<value condition="Container.Content(addons)">$INFO[ListItem.Property(Addon.Version),$LOCALIZE[24051] ]$INFO[ListItem.Property(Addon.Status), • ]</value>
		<value condition="Window.IsActive(programs) + Container.HasFiles">$INFO[ListItem.Writer]$INFO[ListItem.Genre, • ]$INFO[ListItem.Studio, • ]</value>
		<value condition="Window.IsActive(pictures) + !IsEmpty(ListItem.PictureDate)">$INFO[ListItem.PictureDate]$INFO[ListItem.PictureResolution, • ]</value>
		<value condition="Window.IsActive(pictures) + !SubString(Container.FolderPath,addons://sources/)">$INFO[ListItem.Date]</value>
		<value condition="Window.IsActive(videoplaylist) + IsEmpty(ListItem.Title)">$VAR[video_Type,, • ]$INFO[ListItem.Duration,, $LOCALIZE[31701]] $INFO[ListItem.Date, • ]</value>
		<value condition="Window.IsActive(videoplaylist) + !IsEmpty(ListItem.TVShowTitle) + IsEmpty(ListItem.Artist)">$INFO[ListItem.TVShowTitle,,: ]$INFO[ListItem.Season,$LOCALIZE[20373] , -] $INFO[ListItem.Episode,$LOCALIZE[20359] ]</value>
		<value condition="Window.IsActive(videoplaylist) + IsEmpty(ListItem.TVShowTitle) + IsEmpty(ListItem.Artist)">$VAR[video_Type,, • ]$INFO[ListItem.Genre]</value>
		<value condition="Window.IsActive(videoplaylist) + !IsEmpty(ListItem.Artist)">$INFO[ListItem.Artist]</value>
		<value condition="!SubString(ListItem.Icon,Default) + Container.HasFiles">$LOCALIZE[31151]</value>
	</variable>
	<variable name="global_Info.Addon">
		<value condition="[Container.Content(movies) | Container.Content(tvshows)] + !IsEmpty(ListItem.Duration)">$INFO[ListItem.Duration,, $LOCALIZE[31701]]$INFO[ListItem.Genre, • ]</value>
		<value condition="[Container.Content(movies) | Container.Content(tvshows)] + !IsEmpty(ListItem.Genre)">$INFO[ListItem.Genre]</value>
		<value condition="Container.Content(episodes)">$INFO[ListItem.Season,$LOCALIZE[20373] , - ]$INFO[ListItem.Episode,, • $LOCALIZE[20359]]$INFO[ListItem.Premiered]</value>
		<value condition="!IsEmpty(ListItem.Label2)">$INFO[ListItem.Label2]</value>
		<value condition="!IsEmpty(ListItem.Date)">$INFO[ListItem.Date]</value>
		<value condition="!IsEmpty(ListItem.Duration)">$INFO[ListItem.Duration]</value>
		<value condition="!IsEmpty(ListItem.Studio)">$INFO[ListItem.Studio]</value>
	</variable>
	<variable name="global_Tagline">
		<!--for script globalsearch-->
		<value condition="!IsEmpty(ListItem.Property(Tagline))">$INFO[ListItem.Property(Tagline)]</value>
		<value condition="IsEmpty(ListItem.Property(Tagline)) + !IsEmpty(ListItem.Property(PlotOutline))">$INFO[ListItem.Property(PlotOutline)]</value>
	</variable>
	<variable name="global_Plot">
		<value condition="Container.Content(artists)">$INFO[ListItem.Property(Artist_Description)]</value>
		<value condition="Container.Content(albums)">$INFO[ListItem.Property(Album_Description)]</value>
		<value condition="Container.Content(seasons) + !IsEmpty(ListItem.Title) + !IsEmpty(ListItem.Property(UnWatchedEpisodes))">$INFO[Container.ShowPlot]</value>
		<value condition="[Container.Content(addons) | Container.Content(programs)] + !SubString(ListItem.Icon,default)">$INFO[ListItem.Property(Addon.Description)]</value>
		<value condition="Control.IsVisible(50) + Container.Content(movies) + !IsEmpty(ListItem.Plotoutline)">[UPPERCASE][B]$INFO[ListItem.Tagline,,[CR]][/B][/UPPERCASE]$INFO[ListItem.Plotoutline]</value>
		<value condition="Control.IsVisible(50) + Container.Content(movies) + IsEmpty(ListItem.Plotoutline)">[UPPERCASE][B]$INFO[ListItem.Tagline][/B][/UPPERCASE]</value>
		<value condition="Control.IsVisible(50) + Container.Content(tvshows) + !IsEmpty(ListItem.Plot)">$INFO[ListItem.Plot]</value>
		<value condition="!IsEmpty(ListItem.Plotoutline)">$INFO[ListItem.Plotoutline]</value>
		<value>$INFO[ListItem.Plot]</value>
	</variable>
	<!--ART TYPES-->
	<variable name="thumb_Landscape">
		<value condition="Window.IsActive(pictures)">$INFO[ListItem.FilenameAndPath]</value>
		<value condition="Container.Content(artists)">$INFO[ListItem.Art(fanart)]</value>
		<value condition="Container.Content(files) | SubString(Container.FolderPath,plugin://plugin.)">$INFO[ListItem.Art(thumb)]</value>
		<value condition="[Container.Content(movies) | Container.Content(tvshows) | Container.Content(episodes)] + IsEmpty(ListItem.Art(landscape))">$INFO[ListItem.Art(fanart)]</value>
		<value condition="[Container.Content(movies) | Container.Content(tvshows) | Container.Content(episodes)] + !IsEmpty(ListItem.Art(landscape))">$INFO[ListItem.Art(landscape)]</value>
		<value>$INFO[ListItem.Art(thumb)]</value>
	</variable>
	<variable name="thumb_Portrait">
		<value condition="Container.Content(genres)">$INFO[ListItem.Label,special://skin/extra/moviegenres/,.jpg]</value>
		<value condition="Container.Content(directors)">thumbs/default_Director.png</value>
		<value condition="Container.Content(actors) + IsEmpty(ListItem.Art(thumb))">thumbs/default_Actor.png</value>
		<value condition="Container.Content(actors) + !IsEmpty(ListItem.Art(thumb))">$INFO[ListItem.Art(thumb)]</value>
		<value condition="!IsEmpty(ListItem.Art(season.poster))">$INFO[ListItem.Art(season.poster)]</value>
		<value condition="!IsEmpty(ListItem.Art(tvshow.poster)) + !Container.Content(seasons)">$INFO[ListItem.Art(tvshow.poster)]</value>
		<value condition="!IsEmpty(ListItem.Art(poster))">$INFO[ListItem.Art(poster)]</value>
		<value condition="IsEmpty(ListItem.Art(poster))">$INFO[ListItem.Art(thumb)]</value>
		<value>$INFO[ListItem.Art(thumb)]</value>
	</variable>
	<variable name="thumb_Banner">
		<value condition="!IsEmpty(ListItem.Art(banner))">$INFO[ListItem.Art(banner)]</value>
		<value condition="IsEmpty(ListItem.Art(banner)) + !IsEmpty(ListItem.Art(fanart))">$INFO[ListItem.Art(fanart)]</value>
		<value>$INFO[ListItem.Art(thumb)]</value>
	</variable>
	<variable name="thumb_Square">
		<value condition="Window.IsActive(pictures)">$INFO[ListItem.FilenameAndPath]</value>
		<value condition="Container.Content(albums) | Container.Content(songs) | Window.IsActive(2)">$INFO[ListItem.Art(thumb)]</value>
		<value condition="Container.Content(addons) + !IsEmpty(ListItem.Art(thumb))">$INFO[ListItem.Art(thumb)]</value>
		<value>$INFO[ListItem.Art(thumb)]</value>
	</variable>
	<variable name="art_ClearLogo">
		<value condition="Container.Content(movies)">$INFO[ListItem.Art(clearlogo)]</value>
		<value condition="Container.Content(tvshows) + !IsEmpty(ListItem.Art(clearlogo))">$INFO[ListItem.Art(clearlogo)]</value>
		<value condition="Container.Content(tvshows) + IsEmpty(ListItem.Art(clearlogo))">$INFO[ListItem.FileNameAndPath]logo.png</value>
		<value condition="Container.Content(seasons)">$INFO[ListItem.Art(tvshows.clearlogo)]</value>
		<value condition="Container.Content(episodes)">$INFO[ListItem.Art(tvshow.clearlogo)]</value>
	</variable>
	<!--OSD-->
	<variable name="osd_Title">
		<value condition="Window.IsActive(visualisation) | Window.IsActive(slideshow)">$INFO[MusicPlayer.Title]</value>
		<value condition="VideoPlayer.Content(episodes)">[COLOR=Color8]$INFO[VideoPlayer.TVShowTitle,,: ][/COLOR]$INFO[VideoPlayer.Title]</value>
		<value condition="VideoPlayer.Content(movies) | VideoPlayer.Content(musicvideos) | VideoPlayer.Content(files)">$INFO[VideoPlayer.Title]</value>
	</variable>
	<variable name="osd_Info">
		<value condition="VideoPlayer.Content(files) + !SubString(Container.FolderPath,plugin://plugin)">$INFO[Player.Folderpath]</value>
		<value condition="VideoPlayer.Content(files) + Player.IsInternetStream">STREAM</value>
Container.PluginName 
		<value condition="VideoPlayer.Content(movies)">$INFO[VideoPlayer.Genre]$INFO[VideoPlayer.Director, • ]$INFO[VideoPlayer.Year, • ]</value>
		<value condition="VideoPlayer.Content(episodes)">$INFO[VideoPlayer.Season,$LOCALIZE[20373] , - ]$INFO[VideoPlayer.Episode,$LOCALIZE[20359]]</value>
		<value condition="VideoPlayer.Content(musicvideos)">$INFO[VideoPlayer.Artist]$INFO[VideoPlayer.Album, • ]$INFO[VideoPlayer.Year, • ]</value>
		<value condition="Player.ChapterCount">$LOCALIZE[21396]$INFO[Player.Chapter,: ]$INFO[Player.ChapterCount, / ]$INFO[Player.ChapterName, • ,]</value>
		<value>$LOCALIZE[416]</value>
	</variable>
	<variable name="osd_Art">
		<value condition="Player.HasAudio">$INFO[Player.Art(thumb)]</value>
		<value condition="VideoPlayer.Content(movies) + !IsEmpty(Player.Art(poster))">$INFO[Player.Art(poster)]</value>
		<value condition="VideoPlayer.Content(movies) + IsEmpty(Player.Art(poster))">$INFO[Player.Art(thumb)]</value>
		<value condition="VideoPlayer.Content(episodes) + !IsEmpty(Player.Art(tvshow.poster))">$INFO[Player.Art(tvshow.poster)]</value>
		<value condition="VideoPlayer.Content(episodes) + IsEmpty(Player.Art(tvshow.poster))">$INFO[Player.Art(thumb)]</value>
		<value condition="[VideoPlayer.Content(files) | VideoPlayer.Content(movies)] + Player.IsInternetStream">thumbs/default_Filevideo.png</value>
		<value condition="!IsEmpty(Player.Art(poster))">$INFO[Player.Art(poster)]</value>
		<value condition="!IsEmpty(Player.Art(tvshow.poster))">$INFO[Player.Art(tvshow.poster)]</value>
	</variable>

	<!--MEDIA VIEWS-->
	<variable name="gallery_Header">
		<value condition="Window.IsActive(pictures) + !IsEmpty(ListItem.PictureDateTime)">$INFO[ListItem.PictureDateTime]</value>
		<value condition="Window.IsActive(pictures) + IsEmpty(ListItem.PictureDateTime)">$LOCALIZE[31146]</value>
		<value>$INFO[ListItem.Year]</value>
	</variable>
	<!--INFODIALOG-->
	<variable name="videoinformation_Header">
		<value condition="!IsEmpty(ListItem.Property(ReleaseDate))">$INFO[ListItem.Property(ReleaseDate)]</value>
		<value condition="!IsEmpty(ListItem.Tagline)">$INFO[ListItem.Tagline]</value>
		<value condition="Container.Content(movies) + IsEmpty(ListItem.Tagline)">$INFO[ListItem.Genre]</value>
		<value condition="Container.Content(episodes)">$INFO[ListItem.TVShowTitle] • $INFO[ListItem.Season,$LOCALIZE[20373] , - ]$INFO[ListItem.Episode,$LOCALIZE[20359] ]</value>
		<value condition="Container.Content(musicvideos) + !Window.IsActive(videofiles)">$INFO[ListItem.Artist]</value>
		<value condition="Container.Content(movies) + ListItem.IsFolder + Substring(Container.FolderPath,videodb) + !IsEmpty(ListItem.Title)">$LOCALIZE[20338] $LOCALIZE[20141]</value>
	</variable>
	<variable name="videoinformation_Cast">
		<value condition="Container.Content(musicvideos)">$LOCALIZE[133]</value>
		<value>$LOCALIZE[206]</value>
	</variable>
	<variable name="artist_Origin">
		<value condition="!IsEmpty(ListItem.Property(Artist_Born))">$INFO[ListItem.Property(Artist_Born)]</value>
		<value condition="!IsEmpty(ListItem.Property(Artist_Formed))">$INFO[ListItem.Property(Artist_Formed)]</value>
		<value condition="!IsEmpty(ListItem.Property(Artist_Died))">$INFO[ListItem.Property(Artist_Died)]</value>
		<value condition="!IsEmpty(ListItem.Property(Artist_Disbanded))">$INFO[ListItem.Property(Artist_Disbanded)]</value>
	</variable>
	<variable name="artist_OriginPrefix">
		<value condition="!IsEmpty(ListItem.Property(Artist_Born))">$LOCALIZE[21893]</value>
		<value condition="!IsEmpty(ListItem.Property(Artist_Formed))">$LOCALIZE[21894]</value>
		<value condition="!IsEmpty(ListItem.Property(Artist_Died))">$LOCALIZE[21897]</value>
		<value condition="!IsEmpty(ListItem.Property(Artist_Disbanded))">$LOCALIZE[21896]</value>
	</variable>
	<!--PLAYER-->
	<variable name="player_Status">
		<value condition="Player.DisplayAfterSeek + ![Player.Forwarding | Player.Rewinding]">$LOCALIZE[773] $INFO[Player.SeekOffset]</value>
		<value condition="[Player.Paused + Player.Caching] + !Player.Seeking">$LOCALIZE[15107] $INFO[Player.CacheLevel]%</value>
		<value condition="[Player.Paused + !Player.Caching] + !Player.Seeking + !Player.DisplayAfterSeek">$LOCALIZE[112]</value>
		<value condition="Player.Forwarding2x">$LOCALIZE[31300]</value>
		<value condition="Player.Forwarding4x">$LOCALIZE[31301]</value>
		<value condition="Player.Forwarding8x">$LOCALIZE[31302]</value>
		<value condition="Player.Forwarding16x">$LOCALIZE[31303]</value>
		<value condition="Player.Forwarding32x">$LOCALIZE[31304]</value>
		<value condition="Player.Rewinding2x">$LOCALIZE[31305]</value>
		<value condition="Player.Rewinding4x">$LOCALIZE[31306]</value>
		<value condition="Player.Rewinding8x">$LOCALIZE[31307]</value>
		<value condition="Player.Rewinding16x">$LOCALIZE[31308]</value>
		<value condition="Player.Rewinding32x">$LOCALIZE[31309]</value>
	</variable>
	<variable name="player_SubtitleToggle">
		<value condition="!IsEmpty(VideoPlayer.SubtitlesLanguage)">$LOCALIZE[31321] ($INFO[VideoPlayer.SubtitlesLanguage])</value>
		<value>$LOCALIZE[31321]</value>
	</variable>
	<variable name="playlist_Type">
		<value condition="Window.IsActive(videolibrary) + !StringCompare(Playlist.Length(video),0)">ActivateWindow(videoplaylist)</value>
		<value condition="[Window.IsActive(musiclibrary) | Window.IsActive(musicfiles)] + !StringCompare(Playlist.Length(music),0)">ActivateWindow(musicplaylist)</value>
	</variable>
	<!--FLAGS-->
	<variable name="status_Overlay">
		<value condition="[ListItem.IsResumable + Skin.HasSetting(overlay.resumable)] + !SubString(Container.FolderPath,plugin://)">overlays/OverlayResumable.png</value>
		<value condition="[Container.Content(movies) + Skin.HasSetting(overlay.movies)] | [Container.Content(tvshows) + Skin.HasSetting(overlay.tvshows)] | [Container.Content(episodes) + Skin.HasSetting(overlay.episodes)] | [Container.Content(seasons) + Skin.HasSetting(overlay.tvshows)] | [Container.Content(Files) + Container.HasFiles + Skin.HasSetting(overlay.files)] + ![SubString(Container.FolderPath,plugin://) | SubString(Container.FolderPath,sources://)]">$INFO[ListItem.Overlay,overlays/]</value>
	</variable>
	<variable name="status_Overlay_Big">
		<value condition="ListItem.IsResumable + Skin.HasSetting(overlay.resumable)">overlays/big/OverlayResumable.png</value>
		<value condition="[Container.Content(movies) + Skin.HasSetting(overlay.movies)] | [Container.Content(tvshows) + Skin.HasSetting(overlay.tvshows)] | [Container.Content(episodes) + Skin.HasSetting(overlay.episodes)] | [Container.Content(seasons) + Skin.HasSetting(overlay.tvshows)] | [Container.Content(Files) + Container.HasFiles + Skin.HasSetting(overlay.files)] + ![SubString(Container.FolderPath,plugin://) | SubString(Container.FolderPath,sources://)]">$INFO[ListItem.Overlay,overlays/big/]</value>
	</variable>
	<variable name="video_Type">
		<value condition="ListItem.IsStereoscopic">3D</value>
		<value condition="IntegerGreaterThan(ListItem.VideoResolution,719)">HD</value>
		<value condition="StringCompare(ListItem.VideoResolution,4K)">4K</value>
	</variable>
	<!--WINDOW TITLES-->
	<variable name="window_Title.Video">
		<value condition="IsEmpty(Container.FolderPath)">$LOCALIZE[157]</value>
		<value condition="StringCompare(Container.FolderPath,sources://video/)">$LOCALIZE[744]</value>
		<value condition="StringCompare(Container.FolderPath,addons://sources/video/)">$LOCALIZE[1037]</value>
		<value condition="StringCompare(Container.FolderPath,special://videoplaylists/)">$LOCALIZE[20012]</value>
		<value condition="StringCompare(Container.FolderPath,plugin://script.watchlist/)">$LOCALIZE[31013]</value>
		<value condition="StringCompare(Container.FolderPath,plugin://script.watchlist/?type=episodes)">$LOCALIZE[20343] [COLOR=Color8]$LOCALIZE[31013][/COLOR]</value>
		<value condition="StringCompare(Container.FolderPath,plugin://script.watchlist/?type=movies)">$LOCALIZE[342] [COLOR=Color8]$LOCALIZE[31013][/COLOR]</value>
		<value condition="StringCompare(Container.FolderPath,videodb://movies/)">$LOCALIZE[342]</value>
		<value condition="SubString(Container.FolderPath,movies-unwatched.xsp,Right)">$LOCALIZE[342] [COLOR=Color8]$LOCALIZE[16101][/COLOR]</value>
		<value condition="SubString(Container.FolderPath,movies-inprogress.xsp,Right)">$LOCALIZE[342] [COLOR=Color8]$LOCALIZE[575][/COLOR]</value>
		<value condition="SubString(Container.FolderPath,videodb://movies/,left)">$LOCALIZE[342] [COLOR=Color8]$INFO[Container.FolderName][/COLOR]</value>
		<value condition="SubString(Container.FolderPath,videodb://recentlyaddedmovies/)">$LOCALIZE[342] [COLOR=Color8]$LOCALIZE[31705][/COLOR]</value>
		<value condition="Container.Content(seasons) + IsEmpty(Container().ListItem(0).TVShowTitle)">$INFO[Container().ListItem(1).TVShowTitle]</value>
		<value condition="Container.Content(seasons)">$INFO[Container().ListItem().TVShowTitle]</value>
		<value condition="StringCompare(Container.FolderPath,videodb://recentlyaddedepisodes/)">$LOCALIZE[20360] [COLOR=Color8]$LOCALIZE[31705][/COLOR]</value>
		<value condition="SubString(Container.FolderPath,episodes-unwatched.xsp,Right)">$LOCALIZE[20360] [COLOR=Color8]$LOCALIZE[16101][/COLOR]</value>
		<value condition="SubString(Container.FolderPath,plugin://plugin)">$LOCALIZE[24001] [COLOR=Color8]$INFO[Container.FolderName][/COLOR]</value>
		<value condition="Container.Content(episodes) + IsEmpty(Container().ListItem(0).TVShowTitle)">$INFO[Container().ListItem(1).TVShowTitle]</value>
		<value condition="Container.Content(episodes)">$INFO[Container().ListItem().TVShowTitle]</value>
		<value condition="StringCompare(Container.FolderName,$LOCALIZE[626])">$LOCALIZE[20343] [COLOR=Color8]$LOCALIZE[575][/COLOR]</value>
		<value condition="StringCompare(Container.FolderPath,videodb://tvshows/)">$LOCALIZE[20343]</value>
		<value condition="SubString(Container.FolderPath,videodb://tvshows/,Left)">$LOCALIZE[20343] [COLOR=Color8]$INFO[Container.FolderName][/COLOR]</value>
		<value condition="StringCompare(Container.FolderPath,videodb://musicvideos/)">$LOCALIZE[20389]</value>
		<value condition="SubString(Container.FolderPath,videodb://musicvideos/)">$LOCALIZE[20389] [COLOR=Color8]$INFO[Container.FolderName][/COLOR]</value>
		<value condition="SubString(Container.FolderPath,videodb://recentlyaddedmusicvideos/)">$LOCALIZE[20389] [COLOR=Color8]$LOCALIZE[31705][/COLOR]</value>
		<value condition="SubString(Container.FolderPath,special://profile/playlists/video/)">$LOCALIZE[559] [COLOR=Color8]$INFO[Container.FolderName][/COLOR]</value>
		<value>$LOCALIZE[744] [COLOR=Color8]$INFO[Container.FolderName][/COLOR]</value>
	</variable>

	<variable name="window_Title.Music">
		<value condition="IsEmpty(Container.FolderPath)">$LOCALIZE[2]</value>
		<value condition="StringCompare(Container.FolderPath,videodb://musicvideos/)">$LOCALIZE[20389]</value>
		<value condition="Container.Content(musicvideos)">$LOCALIZE[20389] [COLOR=Color2]$INFO[Container.FolderName][/COLOR]</value>
		<value condition="SubString(Container.FolderPath,recentlyaddedalbums,Right)">$LOCALIZE[2] [COLOR=Color2]$LOCALIZE[31705][/COLOR]</value>
		<value condition="SubString(Container.FolderPath,recentlyplayedalbums,Right)">$LOCALIZE[2] [COLOR=Color2]$LOCALIZE[31016][/COLOR]</value>
		<value>$LOCALIZE[2] [COLOR=Color2]$INFO[Container.FolderName][/COLOR]</value>
	</variable>
	<variable name="window_Title.System">
		<value condition="Window.IsActive(settings)">xbmc [COLOR=Color2]$LOCALIZE[10004][/COLOR]</value>
		<value condition="Window.IsActive(systeminfo)">$LOCALIZE[13000] [COLOR=Color2]$LOCALIZE[19033][/COLOR]</value>
		<value condition="Window.IsActive(profiles)">$LOCALIZE[13200] [COLOR=Color2]$LOCALIZE[5][/COLOR]</value>
		<value condition="Window.IsActive(appearancesettings)">$LOCALIZE[480] [COLOR=Color2]$LOCALIZE[5][/COLOR]</value>
		<value condition="Window.IsActive(videossettings)">$LOCALIZE[157] [COLOR=Color2]$LOCALIZE[5][/COLOR]</value>
		<value condition="Window.IsActive(programssettings)">$LOCALIZE[0] [COLOR=Color2]$LOCALIZE[5][/COLOR]</value>
		<value condition="Window.IsActive(musicsettings)">$LOCALIZE[2] [COLOR=Color2]$LOCALIZE[5][/COLOR]</value>
		<value condition="Window.IsActive(picturessettings)">$LOCALIZE[1] [COLOR=Color2]$LOCALIZE[5][/COLOR]</value>
		<value condition="Window.IsActive(networksettings)">$LOCALIZE[705] [COLOR=Color2]$LOCALIZE[5][/COLOR]</value>
		<value condition="Window.IsActive(weathersettings)">$LOCALIZE[12600] [COLOR=Color2]$LOCALIZE[5][/COLOR]</value>
		<value condition="Window.IsActive(systemsettings)">$LOCALIZE[13000] [COLOR=Color2]$LOCALIZE[5][/COLOR]</value>
		<value condition="Window.IsActive(tvsettings)">$LOCALIZE[19020] [COLOR=Color2]$LOCALIZE[5][/COLOR]</value>
		<value condition="Window.IsActive(filemanager)">$LOCALIZE[7]</value>
		<value condition="Window.IsActive(skinsettings)">$LOCALIZE[5] [COLOR=Color2]$LOCALIZE[166][/COLOR]</value>
	</variable>
	<variable name="window_Title.Addons">
		<value condition="SubString(Container.FolderPath,addons://enabled/)">$LOCALIZE[24062]</value>
		<value condition="SubString(Container.FolderPath,addons://disabled/)">$LOCALIZE[24039]</value>
		<value condition="SubString(Container.FolderPath,addons://downloading/)">$LOCALIZE[24067]</value>
		<value condition="SubString(Container.FolderPath,addons://outdated/)">$LOCALIZE[24043]</value>
		<value condition="SubString(Container.FolderPath,addons://repos/)">$LOCALIZE[24000] [COLOR=Color2]$LOCALIZE[31700][/COLOR]</value>
		<value condition="SubString(Container.FolderPath,addons://all/)">[COLOR=Color2]$LOCALIZE[593][/COLOR] $LOCALIZE[24001]</value>
		<value condition="SubString(Container.FolderPath,addons://all/) + !stringcompare(Container.FolderPath,addons://all/)">$INFO[Container.Property(addoncategory)]</value>
		<value condition="SubString(Container.FolderPath,addons://search/)">$LOCALIZE[283]</value>
		<value condition="SubString(Container.FolderPath,addons://repo.) | SubString(Container.FolderPath,addons://repository.)">$INFO[Container.Property(reponame)]</value>
		<value>$LOCALIZE[24001]</value>
	</variable>
	<variable name="window_Title.Pictures">
		<value condition="!SubString(Container.FolderPath,plugin)">$LOCALIZE[1]</value>
		<value>$INFO[Container.FolderName]</value>
	</variable>
	<variable name="window_Title.Playlists">
		<value condition="Window.IsVisible(videoplaylist) + !Window.IsActive(movieinformation)">$LOCALIZE[157] [COLOR=Color2]$LOCALIZE[559][/COLOR]</value>
		<value condition="Window.IsVisible(musicplaylist) + !Window.IsActive(musicinformation)">$LOCALIZE[2] [COLOR=Color2]$LOCALIZE[559][/COLOR]</value>
	</variable>
	<variable name="window_Title.Weather">
		<value condition="Window.IsVisible(Weather) + Weather.IsFetched">$INFO[Window.Property(WeatherProvider)]</value>
		<value>$LOCALIZE[12600]</value>
	</variable>
	<variable name="window_Title.Programs">
		<value condition="Window.IsVisible(Programs)">$LOCALIZE[0] [COLOR=Color2]$INFO[Container.FolderName][/COLOR]</value>
		<value>$LOCALIZE[12600]</value>
	</variable>
</includes>