<?xml version="1.0" encoding="UTF-8"?>
<includes>
	<!--BIG LIST-->
	<include name="Viewtype51_BigList">
		<control type="group">
			<include>transition_Content</include>
			<include>transition_Info</include>
			<include>toggle_Menu</include>
			<!--selector-->
			<control type="image">
				<left>40</left>
				<top>244</top>
				<width>1200</width>
				<height>144</height>
				<include>art_Frame-fo</include>
				<visible>Control.IsVisible(51) + [Container.Content(episodes) | Container.Content(tvshows) | Container.Content(movies)]</visible>
			</control>
			<!--container-->
			<control type="fixedlist" id="51">
				<viewtype label="537">biglist</viewtype>
				<left>40</left>
				<top>90</top>
				<width>1205</width>
				<height>616</height>
				<onleft>6000</onleft>
				<onright>70</onright>
				<onup>51</onup>
				<ondown>51</ondown>
				<pagecontrol>70</pagecontrol>
				<focusposition>1</focusposition>
				<include>global_ListScroll</include>
				<preloaditems>2</preloaditems>
				<orientation>vertical</orientation>
				<visible>Container.Content(movies) | Container.Content(tvshows) | Container.Content(episodes)</visible>
				<!--landscape layout-->
				<itemlayout condition="!SubString(Container.FolderPath,plugin://) + [[Container.Content(movies) | Container.Content(tvshows)] + !Skin.HasSetting(view.biglist.posters)] | Container.Content(episodes)" width="1205" height="154">
					<include>view_BigList-LandscapeCommons</include>
					<control type="group">
						<left>260</left>
						<top>4</top>
						<control type="label">
							<width>920</width>
							<label>$VAR[global_Title]</label>
							<include>container_Title</include>
						</control>
						<control type="label">
							<top>28</top>
							<width>920</width>
							<label>$VAR[global_Info]</label>
							<include>container_Sub</include>
							<visible>!SubString(Container.FolderPath,plugin)</visible>
						</control>
						<control type="textbox" id="4">
							<top>66</top>
							<width>920</width>
							<height>59</height>
							<label>$VAR[global_Plot]</label>
							<include>container_Text</include>
						</control>
						<!-- Rating -->
						<control type="image">
							<left>870</left>
							<top>5</top>
							<width>32</width>
							<height>32</height>
							<aspectratio align="center">keep</aspectratio>
							<texture>flags/rating/star.png</texture>
							<colordiffuse>Color1</colordiffuse>
							<visible>!IsEmpty(Listitem.Rating)</visible>
						</control>
						<control type="label">
							<left>900</left>
							<width>64</width>
							<include>container_Title</include>
							<label>$INFO[ListItem.Rating]</label>
							<visible>!IsEmpty(Listitem.Rating)</visible>
						</control>
					</control>
				</itemlayout>
				<focusedlayout condition="!SubString(Container.FolderPath,plugin://) + [[Container.Content(movies) | Container.Content(tvshows)] + !Skin.HasSetting(view.biglist.posters)] | Container.Content(episodes)" width="1205" height="154">
					<include>view_BigList-LandscapeCommons</include>
					<control type="group">
						<left>260</left>
						<top>4</top>
						<control type="group">
							<control type="label">
								<width>920</width>
								<label>$VAR[global_Title]</label>
								<include>container_Title-focus</include>
							</control>
							<control type="label">
								<top>28</top>
								<width>920</width>
								<label>$VAR[global_Info]</label>
								<include>container_Sub-focus</include>
							</control>
							<control type="textbox" id="4">
								<top>66</top>
								<width>920</width>
								<height>59</height>
								<label>$VAR[global_Plot]</label>
								<include>container_Text-focus</include>
							</control>
							<!-- Rating -->
							<control type="image">
								<left>870</left>
								<top>5</top>
								<width>32</width>
								<height>32</height>
								<aspectratio align="center">keep</aspectratio>
								<texture>flags/rating/star.png</texture>
								<colordiffuse>Color8</colordiffuse>
								<visible>!IsEmpty(Listitem.Rating)</visible>
							</control>
							<control type="label">
								<left>900</left>
								<width>64</width>
								<include>container_Title-focus</include>
								<label>$INFO[ListItem.Rating]</label>
								<visible>!IsEmpty(Listitem.Rating)</visible>
							</control>
						</control>
					</control>
				</focusedlayout>
				<!--portrait layout-->
				<itemlayout condition="[[Container.Content(tvshows) | Container.Content(movies)] + Skin.HasSetting(view.biglist.posters)] | [[Container.Content(tvshows) | Container.Content(movies)] + SubString(Container.FolderPath,plugin://)]" width="1205" height="154">
					<include>view_BigList-PortraitCommons</include>
					<control type="group">
						<left>126</left>
						<top>4</top>
						<control type="label">
							<width>775</width>
							<label>$VAR[global_Title]</label>
							<include>container_Title</include>
						</control>
						<control type="label">
							<top>28</top>
							<width>775</width>
							<label>$VAR[global_Info]</label>
							<include>container_Sub</include>
							<visible>!SubString(Container.FolderPath,plugin)</visible>
						</control>
						<control type="textbox" id="4">
							<top>66</top>
							<width>1075</width>
							<height>60</height>
							<label>$VAR[global_Plot]</label>
							<autoscroll delay="300000" time="1000">!Control.HasFocus(13)</autoscroll>
							<include>container_Text</include>
						</control>
						<!-- Rating -->
						<control type="image">
							<left>1000</left>
							<top>5</top>
							<width>32</width>
							<height>32</height>
							<aspectratio align="center">keep</aspectratio>
							<texture>flags/rating/star.png</texture>
							<colordiffuse>Color1</colordiffuse>
							<visible>!IsEmpty(Listitem.Rating)</visible>
						</control>
						<control type="label">
							<left>1030</left>
							<width>64</width>
							<include>container_Title</include>
							<label>$INFO[ListItem.Rating]</label>
							<visible>!IsEmpty(Listitem.Rating)</visible>
						</control>
					</control>
				</itemlayout>
				<focusedlayout condition="[[Container.Content(tvshows) | Container.Content(movies)] + Skin.HasSetting(view.biglist.posters)] | [[Container.Content(tvshows) | Container.Content(movies)] + SubString(Container.FolderPath,plugin://)]" width="1205" height="154">
					<include>view_BigList-PortraitCommons</include>
					<control type="group">
						<left>126</left>
						<top>4</top>
						<control type="group">
							<control type="label">
								<width>775</width>
								<label>$VAR[global_Title]</label>
								<include>container_Title-focus</include>
							</control>
							<control type="label">
								<top>28</top>
								<width>775</width>
								<label>$VAR[global_Info]</label>
								<include>container_Sub-focus</include>
								<visible>!SubString(Container.FolderPath,plugin)</visible>
							</control>
							<control type="textbox" id="4">
								<top>66</top>
								<width>1075</width>
								<height>60</height>
								<label>$VAR[global_Plot]</label>
								<include>container_Text-focus</include>
							</control>
							<!-- Rating -->
							<control type="image">
								<left>1000</left>
								<top>5</top>
								<width>32</width>
								<height>32</height>
								<aspectratio align="center">keep</aspectratio>
								<texture>flags/rating/star.png</texture>
								<colordiffuse>Color8</colordiffuse>
								<visible>!IsEmpty(Listitem.Rating)</visible>
							</control>
							<control type="label">
								<left>1030</left>
								<width>64</width>
								<include>container_Title-focus</include>
								<label>$INFO[ListItem.Rating]</label>
								<visible>!IsEmpty(Listitem.Rating)</visible>
							</control>
						</control>
					</control>
				</focusedlayout>
			</control>
		</control>
	</include>
	<!--landscape layout commons-->
	<include name="view_BigList-LandscapeCommons">
		<control type="image">
			<width>245</width>
			<height>144</height>
			<include>art_Frame-nf</include>
		</control>
		<control type="group">
			<left>7</left>
			<top>7</top>
			<control type="image">
				<width>231</width>
				<height>130</height>
				<texture background="true">thumbs/default_Landscape.png</texture>
				<aspectratio>scale</aspectratio>
			</control>
			<control type="image">
				<width>231</width>
				<height>130</height>
				<texture background="true">$VAR[thumb_Landscape]</texture>
				<aspectratio>scale</aspectratio>
			</control>
			<!-- Watched status -->
			<control type="image">
				<left>199</left>
				<top>98</top>
				<width>32</width>
				<height>32</height>
				<texture>$VAR[status_Overlay_Big]</texture>
			</control>
		</control>
	</include>
	<!--portrait layout commons-->
	<include name="view_BigList-PortraitCommons">
		<control type="image">
			<width>104</width>
			<height>144</height>
			<include>art_Frame-nf</include>
		</control>
		<control type="group">
			<left>7</left>
			<top>7</top>
			<control type="image">
				<width>90</width>
				<height>130</height>
				<texture background="true">thumbs/default_Portrait.png</texture>
				<aspectratio>stretch</aspectratio>
			</control>
			<control type="image">
				<width>90</width>
				<height>130</height>
				<texture background="true">$VAR[thumb_Portrait]</texture>
				<aspectratio>stretch</aspectratio>
			</control>
			<!-- Watched status -->
			<control type="image">
				<left>58</left>
				<top>98</top>
				<width>32</width>
				<height>32</height>
				<texture>$VAR[status_Overlay_Big]</texture>
			</control>
		</control>
	</include>
</includes>