<?xml version="1.0" encoding="UTF-8"?>
<includes>
	<!--POSTER-->
	<include name="viewIconPortrait-ContainerCommons">
		<control type="image">
			<width>184</width>
			<height>266</height>
			<include>art_Frame-nf</include>
		</control>
		<control type="group">
			<left>7</left>
			<top>7</top>
			<control type="image">
				<width>170</width>
				<height>252</height>
				<texture background="true" fallback="thumbs/default_Portrait.png">$VAR[thumb_Portrait]</texture>
				<aspectratio align="center" aligny="top">scale</aspectratio>
			</control>
			<control type="image">
				<left>138</left>
				<top>220</top>
				<width>32</width>
				<height>32</height>
				<texture>$VAR[status_Overlay_Big]</texture>
			</control>
		</control>
	</include>
	<include name="Viewtype57_IconPortrait">
		<control type="panel" id="57">
			<viewtype label="31113">bigicon</viewtype>
			<left>55</left>
			<top>90</top>
			<width>1164</width>
			<height>554</height>
			<onleft>6000</onleft>
			<onright>70</onright>
			<onup>57</onup>
			<ondown>57</ondown>
			<pagecontrol>70</pagecontrol>
			<preloaditems>2</preloaditems>
			<orientation>vertical</orientation>
			<include>global_ListScroll</include>
			<include>transition_Content</include>
			<include>toggle_Menu</include>
			<include>transition_Info</include>
			<visible>Container.Content(movies) | Container.Content(tvshows) | Container.Content(seasons) | Container.Content(sets) | Container.Content(actors)</visible>
			<itemlayout width="194" height="277">
				<include>viewIconPortrait-ContainerCommons</include>
			</itemlayout>
			<focusedlayout width="194" height="277">
				<control type="image">
					<width>184</width>
					<height>266</height>
					<include>art_Frame-fo</include>
					<colordiffuse>Color8</colordiffuse>
				</control>
				<include>viewIconPortrait-ContainerCommons</include>
			</focusedlayout>
		</control>
	</include>
	<!--POSTERSMALL-->
	<include name="view_IconPortraitSmall-ContainerCommons">
		<control type="image">
			<width>129</width>
			<height>184</height>
			<include>art_Frame-nf</include>
		</control>
		<control type="group">
			<left>7</left>
			<top>7</top>
			<control type="image">
				<width>115</width>
				<height>170</height>
				<texture background="true" fallback="thumbs/default_Portrait.png">$VAR[thumb_Portrait]</texture>
				<aspectratio>stretch</aspectratio>
			</control>
			<control type="image">
				<left>91</left>
				<top>146</top>
				<width>24</width>
				<height>24</height>
				<texture>$VAR[status_Overlay_Big]</texture>
			</control>
		</control>
	</include>
	<include name="Viewtype571_IconPortraitSmall">
		<control type="panel" id="571">
			<viewtype label="31113">icon</viewtype>
			<left>55</left>
			<top>100</top>
			<width>695</width>
			<height>582</height>
			<onleft>6000</onleft>
			<onright>70</onright>
			<onup>571</onup>
			<ondown>571</ondown>
			<pagecontrol>70</pagecontrol>
			<preloaditems>4</preloaditems>
			<orientation>vertical</orientation>
			<include>global_ListScroll</include>
			<include>toggle_Menu</include>
			<include>transition_Content</include>
			<include>transition_Info</include>
			<visible>Container.Content(movies) | Container.Content(tvshows) | Container.Content(seasons) | Container.Content(sets)</visible>
			<itemlayout width="139" height="194">
				<include>view_IconPortraitSmall-ContainerCommons</include>
			</itemlayout>
			<focusedlayout width="139" height="194">
				<control type="image">
					<width>129</width>
					<height>184</height>
					<include>art_Frame-fo</include>
					<colordiffuse>Color8</colordiffuse>
				</control>
				<include>view_IconPortraitSmall-ContainerCommons</include>
			</focusedlayout>
		</control>
	</include>
	<!--SQUARE-->
	<include name="view_IconSquare-ContainerCommons">
		<control type="image">
			<width>178</width>
			<height>178</height>
			<include>art_Frame-nf</include>
		</control>
		<control type="group">
			<left>7</left>
			<top>7</top>
			<control type="image">
				<width>164</width>
				<height>164</height>
				<texture background="true" fallback="thumbs/default_Square.png">$VAR[thumb_Square]</texture>
				<aspectratio>scale</aspectratio>
			</control>
		</control>
	</include>
	<include name="Viewtype572_IconSquare">
		<control type="group">
			<left>87</left>
			<top>652</top>
			<include>toggle_Menu</include>
			<include>transition_Content</include>
			<include>transition_Info</include>
			<visible>Control.IsVisible(572)</visible>
			<control type="label">
				<label>$VAR[global_Title]</label>
				<width>1000</width>
				<include>detail_Title</include>
			</control>
			<control type="label">
				<top>25</top>
				<label>$VAR[global_Info]</label>
				<width>1128</width>
				<include>detail_Sub</include>
			</control>
			<control type="label">
				<left>1085</left>
				<top>25</top>
				<width>300</width>
				<label>$INFO[ListItem.Duration]</label>
				<align>right</align>
				<include>detail_Sub</include>
			</control>
		</control>
		<control type="panel" id="572">
			<viewtype label="31113">icons</viewtype>
			<left>80</left>
			<top>90</top>
			<width>1128</width>
			<height>564</height>
			<onleft>6000</onleft>
			<onright>70</onright>
			<onup>572</onup>
			<ondown>572</ondown>
			<pagecontrol>70</pagecontrol>
			<preloaditems>2</preloaditems>
			<include>global_ListScroll</include>
			<include>transition_Content</include>
			<include>transition_Info</include>
			<include>toggle_Menu</include>
			<visible>Container.Content(addons) | Container.Content(albums) | Container.Content(artists) | Container.Content(songs) | Window.IsActive(pictures) | Window.IsActive(MyMusicSongs.xml)</visible>
			<itemlayout width="188" height="188">
				<include>view_IconSquare-ContainerCommons</include>
			</itemlayout>
			<focusedlayout height="188" width="188">
				<control type="image">
					<width>178</width>
					<height>178</height>
					<include>art_Frame-fo</include>
					<colordiffuse>Color8</colordiffuse>
				</control>
				<include>view_IconSquare-ContainerCommons</include>
			</focusedlayout>
		</control>
	</include>
	<!--SQUARE SMALL-->
	<include name="Viewtype574_IconSquareSmall">
		<control type="group">
			<include>toggle_Menu</include>
			<include>transition_Content</include>
			<include>transition_Info</include>
			<visible>Control.IsVisible(574)</visible>
			<!--info-->
			<control type="grouplist" id="1000">
				<left>790</left>
				<top>103</top>
				<itemgap>0</itemgap>
				<control type="label" id="1">
					<width>440</width>
					<label>$INFO[ListItem.Label]</label>
					<include>detail_Title</include>
				</control>
				<control type="label">
					<width>440</width>
					<label>$LOCALIZE[19114]: $INFO[ListItem.Property(Addon.Version)]</label>
					<include>detail_Sub</include>
					<visible>!IsEmpty(ListItem.Property(Addon.Version))</visible>
				</control>
				<control type="textbox" id="4">
					<width>440</width>
					<height>413</height>
					<label>$INFO[ListItem.Property(Addon.Description)]</label>
					<textcolor>Color1</textcolor>
					<include>detail_Text</include>
					<visible>!IsEmpty(ListItem.Property(Addon.Description))</visible>
				</control>
				<control type="textbox" id="4">
					<width>440</width>
					<height>413</height>
					<label>$INFO[ListItem.Plot]</label>
					<textcolor>Color4</textcolor>
					<include>detail_Text</include>
					<visible>!IsEmpty(ListItem.Plot)</visible>
				</control>
			</control>
			<!--container-->
			<control type="panel" id="574">
				<viewtype label="31113">bigicon</viewtype>
				<left>35</left>
				<top>110</top>
				<width>736</width>
				<height>552</height>
				<onleft>6000</onleft>
				<onright>70</onright>
				<onup>574</onup>
				<ondown>574</ondown>
				<pagecontrol>70</pagecontrol>
				<preloaditems>2</preloaditems>
				<include>global_ListScroll</include>
				<visible>Container.Content(addons) | Container.Content(albums) | Container.Content(artists) | Container.Content(songs) | Window.IsActive(pictures) | Window.IsActive(programs)</visible>
				<itemlayout height="184" width="184">
					<control type="image">
						<width>174</width>
						<height>174</height>
						<include>art_Frame-nf</include>
					</control>
					<control type="group">
						<left>7</left>
						<top>7</top>
						<control type="image">
							<width>160</width>
							<height>160</height>
							<texture background="true" fallback="thumbs/default_Square.png">$VAR[thumb_Square]</texture>
							<aspectratio>scale</aspectratio>
						</control>
					</control>
				</itemlayout>
				<focusedlayout height="184" width="184">
					<control type="image">
						<width>174</width>
						<height>174</height>
						<include>art_Frame-nf</include>
					</control>
					<control type="image">
						<width>174</width>
						<height>174</height>
						<include>art_Frame-fo</include>
						<colordiffuse>Color8</colordiffuse>
					</control>
					<control type="group">
						<left>7</left>
						<top>7</top>
						<control type="image">
							<width>160</width>
							<height>160</height>
							<texture background="true" fallback="thumbs/default_Square.png">$VAR[thumb_Square]</texture>
							<aspectratio>scale</aspectratio>
						</control>
					</control>
				</focusedlayout>
			</control>
		</control>
	</include>
	<include name="detail_Thumbnails">
		<control type="group">
			<include>transition_Content</include>
			<include>transition_Info</include>
			<include>toggle_Menu</include>
			<!--large grid-->
			<control type="group">
				<visible>Control.IsVisible(57)</visible>
				<control type="group">
					<left>60</left>
					<top>645</top>
					<control type="label">
						<label>$VAR[global_Title]</label>
						<width>1100</width>
						<include>detail_Title</include>
					</control>
					<control type="label">
						<top>30</top>
						<label>$VAR[global_Info]</label>
						<width>750</width>
						<include>detail_Sub</include>
						<visible>!SubString(Container.FolderPath,plugin) + !SubString(ListItem.Icon,default)</visible>
					</control>
					<control type="label">
						<top>30</top>
						<label>$VAR[global_Info.Addon]</label>
						<width>750</width>
						<include>detail_Sub</include>
						<visible>SubString(Container.FolderPath,plugin) + !SubString(ListItem.Icon,default)</visible>
					</control>
				</control>
			</control>
			<!--small grid-->
			<control type="group">
				<left>770</left>
				<top>93</top>
				<visible>Control.IsVisible(571) + [Container.Content(movies) | Container.Content(tvshows) | Container.Content(seasons)]</visible>
				<control type="grouplist" id="1000">
					<itemgap>5</itemgap>
					<control type="label">
						<width>480</width>
						<label>$INFO[ListItem.Label]</label>
						<include>detail_Title</include>
					</control>
					<control type="label">
						<width>480</width>
						<label>$INFO[ListItem.Genre]</label>
						<include>detail_Sub</include>
						<visible>Container.Content(movies)</visible>
					</control>
					<control type="label">
						<width>480</width>
						<label>$INFO[ListItem.Property(UnWatchedEpisodes),, $LOCALIZE[16101] $LOCALIZE[20360]]</label>
						<include>detail_Sub</include>
						<visible>Container.Content(tvshows) + !IsEmpty(ListItem.TVShowTitle)</visible>
					</control>
					<control type="label">
						<width>480</width>
						<label>$INFO[ListItem.Year]$INFO[ListItem.Duration, • , $LOCALIZE[31701]]</label>
						<include>detail_Sub</include>
						<visible>Container.Content(movies)</visible>
					</control>
					<control type="textbox" id="4">
						<width>470</width>
						<height>355</height>
						<label>$VAR[global_Plot]</label>
						<include>detail_Text</include>
						<visible>!SubString(ListItem.Icon,default)</visible>
					</control>
				</control>
				<control type="image">
					<bottom>40</bottom>
					<left>-20</left>
					<width>96</width>
					<height>64</height>
					<aspectratio align="center">keep</aspectratio>
					<texture fallback="flags/studios/Default.png">$INFO[ListItem.Studio,flags/studios/,.png]</texture>
				</control>
				<control type="image">
					<bottom>40</bottom>
					<left>110</left>
					<width>232</width>
					<height>90</height>
					<aspectratio align="center" aligny="bottom">keep</aspectratio>
					<texture>$VAR[art_ClearLogo]</texture>
				</control>
				<control type="image">
					<bottom>40</bottom>
					<left>360</left>
					<width>64</width>
					<height>64</height>
					<aspectratio align="center">keep</aspectratio>
					<texture>flags/rating/star.png</texture>
					<colordiffuse>Color9</colordiffuse>
					<visible>!IsEmpty(Listitem.Rating)</visible>
				</control>
				<control type="label">
					<bottom>40</bottom>
					<left>420</left>
					<width>64</width>
					<height>64</height>
					<font>bold_32</font>
					<textcolor>Color9</textcolor>
					<label>$INFO[ListItem.Rating]</label>
					<visible>!IsEmpty(Listitem.Rating)</visible>
				</control>
			</control>
		</control>
	</include>
</includes>