<?xml version="1.0" encoding="UTF-8"?>
<includes>
	<!--VIEW ID 56 - POSTER SIMPLE (CONQ) - Video Only-->
	<include name="Viewtype56_SimplePoster">
		<control type="group">
			<visible>Control.IsVisible(56)</visible>
			<control type="fixedlist" id="56">
				<viewtype label="31129">list</viewtype>
				<left>0</left>
				<top>120</top>
				<width>1280</width>
				<height>500</height>
				<onup>6000</onup>
				<ondown>71</ondown>
				<onleft>56</onleft>
				<onright>56</onright>
				<pagecontrol>71</pagecontrol>
				<focusposition>3</focusposition>
				<preloaditems>4</preloaditems>
				<orientation>horizontal</orientation>
				<scrolltime tween="sine" easing="out">240</scrolltime>
				<include>global_Scrolltime</include>
				<include>transition_Content</include>
				<include>toggle_Menu</include>
				<include>transition_Info</include>
				<visible>Container.Content(movies) | Container.Content(tvshows) | Container.Content(seasons) | Container.Content(sets) | ![Container.Content(files) + Container.HasFiles + !SubString(Container.FolderPath,plugin://plugin)]</visible>
				<itemlayout width="166" height="444">
					<control type="image">
						<left>15</left>
						<top>90</top>
						<width>160</width>
						<height>232</height>
						<texture border="5">frames/frame-nf.png</texture>
						<aspectratio>stretch</aspectratio>
					</control>
					<control type="group">
						<top>5</top>
						<left>5</left>
						<control type="image">
							<left>15</left>
							<top>90</top>
							<width>150</width>
							<height>222</height>
							<texture background="true" fallback="thumbs/default_Portrait.png">$VAR[thumb_Portrait]</texture>
							<aspectratio align="center" aligny="top">stretch</aspectratio>
						</control>
						<!--Watched status-->
						<control type="image">
							<left>133</left>
							<top>280</top>
							<width>32</width>
							<height>32</height>
							<texture>$VAR[status_Overlay_Big]</texture>
						</control>
					</control>
				</itemlayout>
				<focusedlayout width="270" height="444">
					<control type="image">
						<top>0</top>
						<left>12</left>
						<width>270</width>
						<height>400</height>
						<include>art_Frame-fo</include>
						<colordiffuse>Color8</colordiffuse>
						<animation effect="zoom" start="60" end="100" center="202,300" time="300" tween="back" easing="out" reversible="false">Focus</animation>
					</control>
					<control type="group">
						<top>5</top>
						<left>17</left>
						<animation effect="zoom" start="60" end="100" center="202,300" time="300" tween="back" easing="out" reversible="false">Focus</animation>
						<control type="image">
							<width>260</width>
							<height>390</height>
							<texture background="true" fallback="thumbs/default_Portrait.png">$VAR[thumb_Portrait]</texture>
							<aspectratio align="center" aligny="top">stretch</aspectratio>
						</control>
						<!--Watched status-->
						<control type="image">
							<left>228</left>
							<top>358</top>
							<width>32</width>
							<height>32</height>
							<texture>$VAR[status_Overlay_Big]</texture>
						</control>
					</control>
				</focusedlayout>
			</control>
			<!--info at bottom-->
			<control type="group">
				<centerleft>50%</centerleft>
				<top>540</top>
				<width>1280</width>
				<height>160</height>
				<control type="image">
					<left>300</left>
					<width>680</width>
					<height>2</height>
					<texture>white.png</texture>
					<colordiffuse>Color1</colordiffuse>
				</control>
				<!--Title-->
				<control type="label">
					<left>60</left>
					<top>10</top>
					<width>1160</width>
					<height>48</height>
					<font>regular_40</font>
					<align>center</align>
					<textcolor>Color1</textcolor>
					<shadowcolor>Color5</shadowcolor>
					<label>$INFO[ListItem.Label]</label>
				</control>
				<!--Details-->
				<control type="label">
					<left>60</left>
					<top>65</top>
					<width>1160</width>
					<height>20</height>
					<align>center</align>
					<label>$VAR[global_Info]</label>
					<include>detail_Sub</include>
				</control>
				<control type="grouplist">
					<top>90</top>
					<left>200</left>
					<width>880</width>
					<height>64</height>
					<itemgap>10</itemgap>
					<orientation>horizontal</orientation>
					<align>center</align>
					<control type="image">
						<top>24</top>
						<width>64</width>
						<height>64</height>
						<aspectratio align="center">keep</aspectratio>
						<texture>flags/rating/star.png</texture>
						<colordiffuse>Color1</colordiffuse>
						<visible>!IsEmpty(Listitem.Rating)</visible>
					</control>
					<control type="label">
						<width>48</width>
						<height>64</height>
						<font>bold_32</font>
						<textcolor>Color9</textcolor>
						<label>$INFO[ListItem.Rating]</label>
						<visible>!IsEmpty(Listitem.Rating)</visible>
					</control>
					<control type="image">
						<width>96</width>
						<height>64</height>
						<aspectratio align="center">keep</aspectratio>
						<texture>$INFO[Listitem.VideoResolution,flags/video/resolution/,.png]</texture>
						<visible>!IsEmpty(Listitem.VideoResolution)</visible>
					</control>
					<control type="image">
						<width>64</width>
						<height>64</height>
						<aspectratio align="center">keep</aspectratio>
						<texture>$INFO[Listitem.AudioChannels,flags/audio/,.png]</texture>
						<visible>!IsEmpty(Listitem.AudioChannels)</visible>
					</control>
					<control type="image" id="1000">
						<width>96</width>
						<height>64</height>
						<aspectratio align="center">keep</aspectratio>
						<texture fallback="flags/studios/Default.png">$INFO[ListItem.Studio,flags/studios/,.png]</texture>
					</control>
					<control type="label">
						<width>220</width>
						<height>64</height>
						<align>left</align>
						<label>$INFO[ListItem.Studio]</label>
						<font>condensed_20-U</font>
						<textcolor>Color9</textcolor>
						<wrapmultiline>true</wrapmultiline>
						<visible>SubString(Control.GetLabel(1000),Default.png)</visible>
					</control>
				</control>
			</control>
		</control>
	</include>
</includes>