<?xml version="1.0" encoding="UTF-8"?>
<includes>
	<!-- VIEW ID 52 - SLIDEPOSTER -->
	<include name="Viewtype52_SlidePoster">
		<control type="fixedlist" id="52">
			<viewtype label="31112">wrap</viewtype>
			<left>10</left>
			<top>115</top>
			<width>1280</width>
			<height>425</height>
			<onup>6000</onup>
			<ondown>71</ondown>
			<onleft>52</onleft>
			<onright>52</onright>
			<focusposition>1</focusposition>
			<pagecontrol>71</pagecontrol>
			<orientation>horizontal</orientation>
			<include>global_Scrolltime</include>
			<include>transition_Content</include>
			<include>transition_Info</include>
			<include>toggle_Menu</include>
			<visible>Container.Content(movies) | Container.Content(tvshows) | Container.Content(seasons) |Container.Content(sets) | ![Container.Content(files) + Container.HasFiles + !SubString(Container.FolderPath,plugin://plugin)]</visible>
			<itemlayout width="200" height="300">
				<control type="group">
					<control type="image">
						<width>200</width>
						<height>300</height>
						<include>art_Frame-nf</include>
						<aspectratio>stretch</aspectratio>
					</control>
					<control type="group">
						<left>5</left>
						<top>5</top>
						<control type="image">
							<width>190</width>
							<height>290</height>
							<texture background="true" fallback="thumbs/default_Portrait.png">$VAR[thumb_Portrait]</texture>
							<aspectratio align="center" aligny="top">scale</aspectratio>
						</control>
					</control>
				</control>
			</itemlayout>
			<focusedlayout width="200" height="300">
				<control type="group">
					<animation type="Focus">
						<effect type="zoom" tween="Quadratic" start="100" end="130" center="145,95" easing="Out" time="200" />
					</animation>
					<animation type="UnFocus">
						<effect type="zoom" tween="Quadratic" start="130" end="100" center="145,95" easing="Out" time="200" />
					</animation>
					<control type="image">
						<width>200</width>
						<height>300</height>
						<include>art_Frame-fo</include>
						<colordiffuse>Color8</colordiffuse>
						<aspectratio>stretch</aspectratio>
					</control>
					<control type="group">
						<left>5</left>
						<top>5</top>
						<control type="image">
							<width>190</width>
							<height>290</height>
							<texture background="true" fallback="thumbs/default_Portrait.png">$VAR[thumb_Portrait]</texture>
							<aspectratio align="center" aligny="top">scale</aspectratio>
						</control>
						<!-- Watched status -->
						<control type="image">
							<left>158</left>
							<top>258</top>
							<width>32</width>
							<height>32</height>
							<texture>$VAR[status_Overlay_Big]</texture>
						</control>
					</control>
				</control>
			</focusedlayout>
		</control>
		<!--info at bottom-->
		<control type="group">
			<include>transition_Info</include>
			<include>toggle_Menu</include>
			<include>transition_Content</include>
			<visible>Control.IsVisible(52)</visible>
			<control type="group">
				<left>170</left>
				<top>480</top>
				<animation effect="slide" start="0" end="57" time="0"></animation>
				<control type="group">
					<control type="label">
						<width>1030</width>
						<label>$VAR[global_Title]</label>
						<include>detail_Title</include>
					</control>
					<control type="group">
						<top>30</top>
						<visible>!SubString(ListItem.Icon,default)</visible>
						<control type="label">
							<width>1030</width>
							<label>$VAR[global_Info]</label>
							<include>detail_Sub</include>
						</control>
					</control>
					<control type="textbox">
						<top>60</top>
						<width>1030</width>
						<height>110</height>
						<label>$VAR[global_Plot]</label>
						<include>detail_Text</include>
					</control>
				</control>
				<control type="grouplist">
					<top>175</top>
					<width>900</width>
					<height>64</height>
					<itemgap>10</itemgap>
					<orientation>horizontal</orientation>
					<control type="image">
						<width>64</width>
						<height>64</height>
						<aspectratio align="center">keep</aspectratio>
						<texture>flags/rating/star.png</texture>
						<colordiffuse>Color9</colordiffuse>
						<visible>!IsEmpty(Listitem.Rating)</visible>
					</control>
					<control type="label">
						<width>64</width>
						<height>60</height>
						<aligny>center</aligny>
						<font>bold_32</font>
						<textcolor>Color9</textcolor>
						<label>$INFO[ListItem.Rating]</label>
						<visible>!IsEmpty(Listitem.Rating)</visible>
					</control>
					<control type="image">
						<width>96</width>
						<height>64</height>
						<aspectratio align="center">keep</aspectratio>
						<texture>$INFO[Listitem.VideoResolution,flags/video/resolution/,.png]</texture>
						<visible>!IsEmpty(Listitem.VideoResolution)</visible>
					</control>
					<control type="image">
						<width>64</width>
						<height>64</height>
						<aspectratio align="center">keep</aspectratio>
						<texture>$INFO[Listitem.AudioChannels,flags/audio/,.png]</texture>
						<visible>!IsEmpty(Listitem.AudioChannels)</visible>
					</control>
					<control type="image" id="1000">
						<width>96</width>
						<height>64</height>
						<aspectratio align="center">keep</aspectratio>
						<texture fallback="flags/studios/Default.png">$INFO[ListItem.Studio,flags/studios/,.png]</texture>
					</control>
					<control type="label">
						<width>220</width>
						<height>64</height>
						<align>left</align>
						<label>$INFO[ListItem.Studio]</label>
						<font>condensed_20-U</font>
						<textcolor>Color9</textcolor>
						<wrapmultiline>true</wrapmultiline>
						<visible>SubString(Control.GetLabel(1000),Default.png)</visible>
					</control>
				</control>
			</control>
		</control>
	</include>
</includes>