<?xml version="1.0" encoding="UTF-8"?>
	<addon id="skin.refless" version="1.06" name="Refless" provider-name="Hen">
	<requires>
		<import addon="xbmc.gui" version="5.0.1"/>
		<import addon="script.grab.fanart" version="0.13.0"/>
		<import addon="script.skinshortcuts" version="0.3.5"/>
		<import addon="service.library.data.provider" version="0.0.4"/>
	</requires>
	<extension point="xbmc.gui.skin" defaultthemename="Textures.xbt" effectslowdown="1.00" debugging="false">
		<res width="1280" height="720" aspect="16:9" default="true" folder="720p" />
	</extension>
	<extension point="xbmc.addon.metadata">
		<platform>all</platform>
		<summary>Refless (Refocus Less) - With a bit of Orange!</summary>
		<description>Refless is a mod of the beautiful skin for XBMC made by Jeroen.</description>
		<disclaimer>Mouse and touchscreen use not supported</disclaimer>
		<license>Attribution-NonCommercial-ShareAlike 4.0[CR](http://creativecommons.org/licenses/by-nc-sa/3.0/)</license>
	</extension>
</addon>


